symbol,entry_time,dir,entry,stop0,R_px,kind,touches,span_bars,anchor_time,slope,stop_src,exit_time,exit,why,R_realized,ratcheted
N6,2008-06-09 20:00,-1,0.60100507166,0.609220344828,0.00821527316785,sup,3,2168,2008-01-22 03:00,1.301e-05,auto,2008-06-10 00:00,0.599206048778,parabolic,0.218985,0
N6,2008-07-29 08:00,-1,0.591163831776,0.5949525,0.0037886682243,sup,3,2949,2008-01-22 03:00,6.23e-06,auto,2008-07-29 09:00,0.589406871139,parabolic,0.463741,0
N6,2008-07-31 01:00,-1,0.5853,0.588292391304,0.00299239130435,sup,3,2987,2008-01-22 03:00,4.21e-06,auto,2008-07-31 03:00,0.588292391304,stop,-1.0,0
N6,2008-07-31 20:00,-1,0.585371198527,0.58707,0.00169880147305,sup,4,3004,2008-01-22 03:00,4.19e-06,auto,2008-08-03 18:00,0.58329,21EMA,1.225098,1
N6,2008-08-05 03:00,-1,0.580239950249,0.58556044335,0.005320493101,sup,3,3056,2008-01-22 03:00,2.44e-06,auto,2008-08-06 09:00,0.57665988094,parabolic,0.672883,0
N6,2009-01-07 08:00,1,0.489420669456,0.478992325581,0.0104283438747,res,3,1446,2008-09-22 15:00,-5.161e-05,auto,2009-01-07 22:00,0.478992325581,stop,-1.0,0
N6,2009-03-25 23:00,1,0.471567115542,0.46604,0.0055271155422,res,4,3694,2008-07-15 10:00,-4.009e-05,auto,2009-03-26 14:00,0.47439,21EMA,0.510734,1
N6,2009-05-08 12:00,1,0.49495,0.492090689655,0.00285931034483,res,3,4364,2008-07-15 10:00,-2.859e-05,auto,2009-05-08 14:00,0.500696493443,parabolic,2.009748,1
N6,2009-05-21 16:00,1,0.505408767365,0.500302089552,0.0051066778127,res,3,4561,2008-07-15 10:00,-2.505e-05,auto,2009-05-22 08:00,0.51589298893,parabolic,2.053042,1
N6,2009-06-29 12:00,1,0.540178274388,0.537972857143,0.00220541724502,res,3,5150,2008-07-15 10:00,-1.543e-05,auto,2009-06-30 05:00,0.540178274388,BE,0.0,1
N6,2009-07-15 11:00,1,0.539475392214,0.534052307692,0.00542308452152,res,3,5411,2008-07-15 10:00,-1.482e-05,auto,2009-07-15 12:00,0.540470693517,parabolic,0.18353,0
N6,2009-07-28 03:00,1,0.549993817001,0.544010805085,0.0059830119158,res,3,5601,2008-07-15 10:00,-1.244e-05,auto,2009-07-28 19:00,0.544010805085,stop,-1.0,0
N6,2009-08-02 19:00,1,0.551084417629,0.54377,0.00731441762854,res,3,7588,2008-03-14 05:00,-1.207e-05,auto,2009-08-05 18:00,0.55907,21EMA,1.091759,1
N6,2009-08-24 08:00,1,0.572111014233,0.568823846154,0.00328716807875,res,3,7935,2008-03-14 05:00,-8.89e-06,auto,2009-08-25 19:00,0.568823846154,stop,-1.0,0
N6,2009-08-27 14:00,1,0.573885181191,0.56533,0.00855518119122,res,3,8007,2008-03-14 05:00,-8.59e-06,auto,2009-08-31 07:00,0.566995374879,stop,-0.805337,1
N6,2009-09-02 08:00,-1,0.560627046367,0.56574,0.00511295363271,sup,3,2743,2009-03-09 15:00,5.676e-05,auto,2009-09-03 04:00,0.56574,stop,-1.0,0
N6,2009-09-04 12:00,1,0.57199744186,0.567054666667,0.0049427751938,res,4,133,2009-08-27 14:00,-1.814e-05,auto,2009-09-07 03:00,0.577336609961,parabolic,1.080196,0
N6,2009-09-07 03:00,1,0.574461272727,0.569848222222,0.00461305050505,res,3,8153,2008-03-14 05:00,-8.36e-06,auto,2009-09-07 04:00,0.577670318648,parabolic,0.695645,0
N6,2009-09-07 12:00,1,0.577886195612,0.571782222222,0.00610397338999,res,3,8162,2008-03-14 05:00,-7.93e-06,auto,2009-09-13 18:00,0.5872,21EMA,1.525859,1
N6,2009-09-17 01:00,1,0.5962731344,0.586367230769,0.00990590363096,res,3,8323,2008-03-14 05:00,-5.57e-06,auto,2009-09-21 02:00,0.586367230769,stop,-1.0,0
N6,2009-09-21 21:00,1,0.59651983059,0.591224285714,0.00529554487565,res,3,8383,2008-03-14 05:00,-5.5e-06,auto,2009-09-21 22:00,0.597593638,parabolic,0.202776,0
N6,2009-10-05 21:00,1,0.61043,0.60597,0.00446,res,3,8613,2008-03-14 05:00,-3.74e-06,auto,2009-10-06 13:00,0.61135,21EMA,0.206278,1
N6,2009-10-21 12:00,1,0.632629844437,0.628426666667,0.00420317777026,res,3,8880,2008-03-14 05:00,-1.13e-06,auto,2009-10-21 16:00,0.632629844437,BE,0.0,1
N6,2009-11-03 04:00,-1,0.59726013986,0.60417,0.00690986013986,sup,3,3731,2009-03-09 15:00,5.155e-05,auto,2009-11-03 14:00,0.60417,stop,-1.0,0
N6,2009-11-20 04:00,-1,0.607672245152,0.61241,0.00473775484833,sup,3,4029,2009-03-09 15:00,5.032e-05,auto,2009-11-20 07:00,0.602937410131,parabolic,0.999384,0
N6,2009-11-24 11:00,-1,0.605251669531,0.609014285714,0.00376261618323,sup,3,4082,2009-03-09 15:00,4.907e-05,auto,2009-11-24 20:00,0.609014285714,stop,-1.0,0
N6,2009-12-08 08:00,-1,0.5946004,0.599451904762,0.0048515047619,sup,3,4302,2009-03-09 15:00,4.409e-05,auto,2009-12-09 15:00,0.599451904762,stop,-1.0,0
N6,2009-12-21 04:00,-1,0.593020089166,0.595566862745,0.0025467735788,sup,3,4503,2009-03-09 15:00,4.177e-05,auto,2009-12-21 07:00,0.595566862745,stop,-1.0,0
N6,2009-12-23 04:00,-1,0.586058903808,0.589774285714,0.00371538190623,sup,3,4549,2009-03-09 15:00,3.982e-05,auto,2009-12-23 10:00,0.589774285714,stop,-1.0,0
N6,2010-01-21 04:00,-1,0.604437160194,0.620087692308,0.0156505321135,sup,3,427,2009-12-23 04:00,4.381e-05,auto,2010-02-01 07:00,0.59155,21EMA,0.823433,1
N6,2010-02-05 11:00,-1,0.576614151161,0.5822666,0.00565244883944,sup,3,5236,2009-03-09 15:00,3.279e-05,auto,2010-02-08 04:00,0.5822666,stop,-1.0,0
N6,2010-04-05 23:00,-1,0.593170534392,0.594872727273,0.00170219288119,sup,5,6177,2009-03-09 15:00,3.047e-05,auto,2010-04-06 12:00,0.593170534392,BE,-0.0,1
N6,2010-04-26 07:00,1,0.610515924812,0.608656842105,0.00185908270677,res,3,2971,2009-10-21 14:00,-9.11e-06,auto,2010-04-26 08:00,0.613071900675,parabolic,1.374859,0
N6,2010-04-29 18:00,1,0.61368,0.61021,0.00347,res,3,3050,2009-10-21 14:00,-7.93e-06,auto,2010-04-30 09:00,0.618817570255,parabolic,1.480568,1
N6,2010-05-20 10:00,-1,0.564560738832,0.578693055556,0.0141323167239,sup,3,7007,2009-03-03 19:00,2.308e-05,auto,2010-05-27 10:00,0.575474728224,stop,-0.772272,1
N6,2010-06-07 18:00,-1,0.55843,0.562827307692,0.00439730769231,sup,3,7285,2009-03-03 19:00,2.135e-05,auto,2010-06-07 21:00,0.562827307692,stop,-1.0,0
N6,2010-07-14 10:00,1,0.612634250842,0.607180568182,0.00545368265993,res,4,1205,2010-04-30 10:00,-6.22e-06,auto,2010-07-15 19:00,0.61487,21EMA,0.409952,1
N6,2010-07-26 02:00,1,0.620441044776,0.618486136364,0.00195490841248,res,4,146,2010-07-15 15:00,-5.75e-06,auto,2010-07-26 07:00,0.620441044776,BE,0.0,1
N6,2010-07-26 11:00,1,0.622532955466,0.620333818182,0.00219913728377,res,3,4454,2009-10-21 14:00,-3.38e-06,auto,2010-07-27 07:00,0.629385055327,parabolic,3.115813,1
N6,2010-09-22 05:00,1,0.631842703472,0.625487777778,0.00635492569405,res,3,5400,2009-10-21 14:00,-1.06e-06,auto,2010-09-22 18:00,0.625487777778,stop,-1.0,0
N6,2010-10-01 08:00,1,0.633918550725,0.630749230769,0.00316931995541,res,4,160,2010-09-22 09:00,-1.88e-06,auto,2010-10-01 10:00,0.638264604495,parabolic,1.371289,0
N6,2010-12-16 03:00,-1,0.634556939433,0.639390625,0.00483368556701,sup,3,3114,2010-06-08 06:00,2.469e-05,auto,2010-12-16 20:00,0.639390625,stop,-1.0,0
N6,2010-12-19 18:00,-1,0.632893255962,0.635141,0.00224774403816,sup,3,3151,2010-06-08 06:00,2.388e-05,auto,2010-12-19 21:00,0.635141,stop,-1.0,0
N6,2011-02-11 06:00,-1,0.653421497462,0.656346,0.00292450253807,sup,5,4024,2010-06-08 06:00,2.38e-05,auto,2011-02-11 09:00,0.656346,stop,-1.0,0
N6,2011-02-14 05:00,-1,0.653945044416,0.656304590164,0.00235954574769,sup,6,4046,2010-06-08 06:00,2.38e-05,auto,2011-02-15 21:00,0.65226,21EMA,0.714139,1
N6,2011-02-22 05:00,-1,0.646287191997,0.66031,0.0140228080033,sup,3,11475,2009-03-03 19:00,2.121e-05,auto,2011-02-28 00:00,0.653327546085,stop,-0.502064,1
N6,2011-03-01 20:00,-1,0.645104381457,0.650792,0.00568761854328,sup,3,11604,2009-03-03 19:00,2.088e-05,auto,2011-03-01 21:00,0.641568810821,parabolic,0.621626,0
N6,2011-03-03 21:00,-1,0.640202961436,0.64576,0.00555703856394,sup,3,11651,2009-03-03 19:00,2.037e-05,auto,2011-03-09 15:00,0.634422508326,parabolic,1.040204,1
N6,2011-04-05 21:00,1,0.670792928453,0.6664990625,0.00429386595258,res,3,2414,2010-11-05 16:00,-5.71e-06,auto,2011-04-06 10:00,0.676638741989,parabolic,1.361434,0
N6,2011-04-10 22:00,1,0.680531871722,0.678474444444,0.00205742727802,res,3,2484,2010-11-05 16:00,-1.63e-06,auto,2011-04-11 14:00,0.678474444444,stop,-1.0,0
N6,2011-04-12 05:00,1,0.681822679791,0.673819640288,0.00800303950331,res,4,2514,2010-11-05 16:00,-1.09e-06,auto,2011-04-14 05:00,0.68656,21EMA,0.59194,1
N6,2011-08-08 14:00,-1,0.723412590674,0.732184651163,0.00877206048922,sup,3,2328,2011-03-16 18:00,4.522e-05,auto,2011-08-08 21:00,0.705779053955,parabolic,2.010193,1
N6,2011-09-12 00:00,-1,0.715900368308,0.730722376238,0.0148220079293,sup,3,2883,2011-03-16 18:00,3.391e-05,auto,2011-09-15 09:00,0.725543427298,stop,-0.650591,1
N6,2011-09-25 20:00,-1,0.6786979755,0.683034878049,0.0043369025491,sup,3,3106,2011-03-16 18:00,1.949e-05,auto,2011-09-26 04:00,0.6786979755,BE,-0.0,1
N6,2011-09-29 22:00,-1,0.672295272461,0.6833845,0.0110892275385,sup,3,15055,2009-03-03 19:00,1.79e-05,auto,2011-10-04 01:00,0.6658,21EMA,0.585728,1
N6,2011-11-18 01:00,-1,0.66740351846,0.671186,0.00378248153992,sup,3,15856,2009-03-03 19:00,1.668e-05,auto,2011-11-18 05:00,0.671186,stop,-1.0,0
N6,2011-11-22 09:00,-1,0.657321850453,0.661018571429,0.0036967209754,sup,3,15910,2009-03-03 19:00,1.599e-05,auto,2011-11-22 19:00,0.661018571429,stop,-1.0,0
N6,2012-01-03 06:00,1,0.69531,0.686375555556,0.00893444444444,res,4,2453,2011-07-31 21:00,-3.251e-05,auto,2012-01-03 07:00,0.695055892219,parabolic,-0.028441,0
N6,2012-01-03 10:00,1,0.698117521402,0.6897,0.00841752140236,res,3,2457,2011-07-31 21:00,-3.062e-05,auto,2012-01-03 11:00,0.697789071221,parabolic,-0.03902,0
N6,2012-01-03 14:00,1,0.699189462759,0.69136,0.00782946275946,res,3,2461,2011-07-31 21:00,-3.013e-05,auto,2012-01-05 05:00,0.69136,stop,-1.0,0
N6,2012-01-09 14:00,1,0.696841848842,0.694266875,0.00257497384193,res,4,2552,2011-07-31 21:00,-2.998e-05,auto,2012-01-09 20:00,0.700918037701,parabolic,1.583002,0
N6,2012-01-11 03:00,1,0.704574640218,0.694033571429,0.0105410687892,res,3,2587,2011-07-31 21:00,-2.658e-05,auto,2012-01-13 10:00,0.697168574447,stop,-0.702592,1
N6,2012-01-16 11:00,1,0.705414942617,0.702385789474,0.003029153143,res,3,2664,2011-07-31 21:00,-2.55e-05,auto,2012-01-17 02:00,0.709850555401,parabolic,1.464308,0
N6,2012-01-17 22:00,1,0.710848658947,0.708277659574,0.00257099937211,res,3,2693,2011-07-31 21:00,-2.321e-05,auto,2012-01-18 16:00,0.710848658947,BE,0.0,1
N6,2012-01-22 22:00,1,0.71481680694,0.710295333333,0.0045214736065,res,4,2762,2011-07-31 21:00,-2.119e-05,auto,2012-01-23 05:00,0.718674173617,parabolic,0.853122,0
N6,2012-01-25 13:00,1,0.720533237203,0.712828120301,0.00770511690184,res,3,2823,2011-07-31 21:00,-1.871e-05,auto,2012-01-25 15:00,0.725498880655,parabolic,0.64446,0
N6,2012-01-26 01:00,1,0.725845854867,0.713721854637,0.0121240002307,res,3,2833,2011-07-31 21:00,-1.677e-05,auto,2012-01-31 04:00,0.734445242404,parabolic,0.709286,1
N6,2012-01-31 09:00,1,0.735267653131,0.731868888889,0.00339876424256,res,3,2910,2011-07-31 21:00,-1.309e-05,auto,2012-01-31 10:00,0.731868888889,stop,-1.0,0
N6,2012-02-01 06:00,1,0.735682886598,0.728613773585,0.00706911301303,res,4,2930,2011-07-31 21:00,-1.286e-05,auto,2012-02-01 07:00,0.738353999057,parabolic,0.377857,0
N6,2012-02-02 10:00,1,0.74059739782,0.7378725,0.00272489782016,res,5,2957,2011-07-31 21:00,-1.108e-05,auto,2012-02-02 18:00,0.7378725,stop,-1.0,0
N6,2012-02-03 10:00,1,0.741927477173,0.737167647059,0.00475983011399,res,3,2980,2011-07-31 21:00,-1.054e-05,auto,2012-02-05 22:00,0.737167647059,stop,-1.0,0
N6,2012-02-08 01:00,1,0.742541946309,0.741303333333,0.00123861297539,res,4,3040,2011-07-31 21:00,-1.013e-05,auto,2012-02-08 10:00,0.742541946309,BE,0.0,1
N6,2012-02-14 22:00,1,0.744498907122,0.734641360691,0.00985754643061,res,3,3152,2011-07-31 21:00,-9.15e-06,auto,2012-02-15 19:00,0.738155307872,stop,-0.643527,1
N6,2012-02-19 18:00,1,0.74685226654,0.739562727273,0.00728953926732,res,3,3217,2011-07-31 21:00,-8.24e-06,auto,2012-02-21 06:00,0.740190048429,stop,-0.913942,1
N6,2012-02-27 11:00,1,0.746947264532,0.739776037736,0.00717122679632,res,3,3344,2011-07-31 21:00,-7.9e-06,auto,2012-02-29 15:00,0.742803331849,stop,-0.577855,1
N6,2012-04-20 02:00,-1,0.724691618799,0.728703370787,0.00401175198756,sup,4,2303,2011-11-25 08:00,3.232e-05,auto,2012-04-20 10:00,0.728703370787,stop,-1.0,0
N6,2012-04-23 03:00,-1,0.724768562744,0.729677580645,0.00490901790091,sup,3,2327,2011-11-25 08:00,3.202e-05,auto,2012-04-25 18:00,0.727380067703,stop,-0.531981,1
N6,2012-04-27 00:00,-1,0.724060283778,0.7265425,0.00248221622194,sup,3,2416,2011-11-25 08:00,3.055e-05,auto,2012-04-27 04:00,0.7265425,stop,-1.0,0
N6,2012-05-02 03:00,-1,0.725404132901,0.726870714286,0.00146658138458,sup,4,2488,2011-11-25 08:00,3.021e-05,auto,2012-05-02 08:00,0.725404132901,BE,-0.0,1
N6,2012-05-09 07:00,-1,0.700404669231,0.702039032258,0.0016343630273,sup,3,2607,2011-11-25 08:00,1.924e-05,auto,2012-05-09 11:00,0.700404669231,BE,-0.0,1
N6,2012-05-14 03:00,-1,0.696485734134,0.701658611111,0.00517287697668,sup,3,2672,2011-11-25 08:00,1.73e-05,auto,2012-05-15 21:00,0.684831131175,parabolic,2.253021,1
N6,2012-07-27 02:00,1,0.72049,0.715156774194,0.00533322580645,res,4,2437,2012-02-29 09:00,-1.315e-05,auto,2012-07-27 13:00,0.727059074141,parabolic,1.231726,0
N6,2012-08-03 10:00,1,0.733364102564,0.728200375,0.0051637275641,res,3,2560,2012-02-29 09:00,-7.44e-06,auto,2012-08-08 19:00,0.728661939341,stop,-0.910614,1
N6,2012-09-11 09:00,1,0.734772103148,0.730688846154,0.00408325699418,res,4,6560,2011-07-31 21:00,-5.88e-06,auto,2012-09-11 10:00,0.734642418563,parabolic,-0.03176,0
N6,2012-09-27 21:00,1,0.750265520362,0.739957354651,0.0103081657108,res,5,228,2012-09-13 23:00,-7.78e-06,auto,2012-10-02 00:00,0.744671905581,stop,-0.542639,1
N6,2012-10-23 06:00,-1,0.734776804867,0.736461666667,0.00168486179961,sup,3,2329,2012-06-01 08:00,2.915e-05,auto,2012-10-23 07:00,0.734776804867,BE,-0.0,1
N6,2012-11-07 21:00,-1,0.738431276778,0.745130769231,0.00669949245271,sup,4,2596,2012-06-01 08:00,2.756e-05,auto,2012-11-07 22:00,0.738456936655,parabolic,-0.00383,0
N6,2012-11-08 14:00,-1,0.737117520123,0.739795384615,0.00267786449273,sup,3,2613,2012-06-01 08:00,2.688e-05,auto,2012-11-08 21:00,0.737117520123,BE,-0.0,1
N6,2012-11-09 08:00,-1,0.734443966374,0.736959555556,0.00251558918185,sup,3,2630,2012-06-01 08:00,2.569e-05,auto,2012-11-09 10:00,0.736959555556,stop,-1.0,0
N6,2012-11-15 11:00,-1,0.731499416759,0.733491818182,0.00199240142287,sup,3,2725,2012-06-01 08:00,2.371e-05,auto,2012-11-16 02:00,0.733491818182,stop,-1.0,0
N6,2012-11-16 06:00,-1,0.73059163183,0.733351724138,0.00276009230808,sup,3,2743,2012-06-01 08:00,2.323e-05,auto,2012-11-16 15:00,0.733351724138,stop,-1.0,0
N6,2012-12-05 15:00,1,0.749745925547,0.746122295082,0.00362363046548,res,3,7961,2011-07-31 21:00,-2.96e-06,auto,2012-12-05 19:00,0.751609799232,parabolic,0.514366,0
N6,2012-12-06 05:00,1,0.751925819209,0.750722,0.00120381920904,res,3,7974,2011-07-31 21:00,-2.69e-06,auto,2012-12-06 07:00,0.753721141527,parabolic,1.491355,0
N6,2012-12-12 12:00,1,0.762140276572,0.759215,0.002925276572,res,3,8070,2011-07-31 21:00,-1.39e-06,auto,2012-12-12 13:00,0.764580104408,parabolic,0.83405,0
N6,2012-12-13 08:00,1,0.765683888751,0.764203529412,0.00148035933947,res,3,8089,2011-07-31 21:00,-9.5e-07,auto,2012-12-13 11:00,0.764203529412,stop,-1.0,0
N6,2012-12-26 08:00,-1,0.741019075691,0.745213170732,0.0041940950403,sup,3,3341,2012-06-01 08:00,2.219e-05,auto,2012-12-27 03:00,0.745213170732,stop,-1.0,0
N6,2013-02-01 08:00,1,0.766590070323,0.763651111111,0.00293895921238,res,5,724,2012-12-14 12:00,-1.53e-06,auto,2013-02-04 03:00,0.766590070323,BE,0.0,1
N6,2013-02-04 05:00,1,0.769615363318,0.76499,0.00462536331789,res,4,8860,2011-07-31 21:00,-4.2e-07,auto,2013-02-04 22:00,0.76499,stop,-1.0,0
N6,2013-02-13 19:00,1,0.769542019437,0.764664545455,0.00487747398268,res,7,9034,2011-07-31 21:00,-4.2e-07,auto,2013-02-13 20:00,0.770789380318,parabolic,0.255739,0
N6,2013-02-20 15:00,-1,0.758013148923,0.765544285714,0.00753113679084,sup,4,4225,2012-06-01 08:00,2.157e-05,auto,2013-02-25 03:00,0.763577228094,stop,-0.73881,1
N6,2013-02-26 02:00,-1,0.757329136205,0.764364651163,0.0070355149579,sup,3,4304,2012-06-01 08:00,2.102e-05,auto,2013-02-26 10:00,0.749864287407,parabolic,1.061024,1
N6,2013-02-27 08:00,-1,0.748515649351,0.762213255814,0.0136976064633,sup,3,4333,2012-06-01 08:00,1.884e-05,auto,2013-03-04 22:00,0.755387421335,stop,-0.501677,1
N6,2013-05-10 09:00,-1,0.759457908096,0.763074,0.00361609190372,sup,4,5506,2012-06-01 08:00,1.681e-05,auto,2013-05-10 10:00,0.756409925046,parabolic,0.842894,0
N6,2013-05-13 10:00,-1,0.755813805374,0.758428536585,0.00261473121136,sup,4,5530,2012-06-01 08:00,1.608e-05,auto,2013-05-13 18:00,0.755813805374,BE,-0.0,1
N6,2013-09-11 04:00,1,0.744820153102,0.742760705882,0.00205944721998,res,4,2492,2013-04-11 04:00,-1.898e-05,auto,2013-09-11 18:00,0.750231175793,parabolic,2.627415,0
N6,2013-09-12 05:00,1,0.752403684211,0.74671969697,0.00568398724083,res,3,2516,2013-04-11 04:00,-1.579e-05,auto,2013-09-15 18:00,0.758510542138,parabolic,1.074397,0
N6,2013-09-16 08:00,1,0.758707879734,0.752515675676,0.0061922040588,res,3,2565,2013-04-11 04:00,-1.303e-05,auto,2013-09-17 09:00,0.760718154309,parabolic,0.324646,0
N6,2013-09-18 13:00,1,0.761345808568,0.758234758065,0.0031110505036,res,3,2616,2013-04-11 04:00,-1.177e-05,auto,2013-09-18 14:00,0.76734101329,parabolic,1.927068,0
N6,2013-10-16 02:00,1,0.777872088918,0.775216666667,0.00265542225128,res,3,3065,2013-04-11 04:00,-4.65e-06,auto,2013-10-17 10:00,0.78882296911,parabolic,4.123969,1
N6,2013-10-22 09:00,1,0.788788178295,0.781302432432,0.00748574586214,res,3,3164,2013-04-11 04:00,-1.06e-06,auto,2013-10-22 10:00,0.789411724659,parabolic,0.083298,0
N6,2014-01-30 11:00,-1,0.758526540854,0.770504444444,0.01197790359,sup,3,2417,2013-08-30 11:00,1.942e-05,auto,2014-01-31 08:00,0.751933858515,parabolic,0.550404,1
N6,2014-02-03 19:00,-1,0.751929076734,0.756944461538,0.00501538480477,sup,3,2470,2013-08-30 11:00,1.634e-05,auto,2014-02-03 23:00,0.756944461538,stop,-1.0,0
N6,2014-07-25 05:00,-1,0.80739,0.8097965625,0.0024065625,sup,3,2802,2014-02-03 20:00,2.026e-05,auto,2014-07-29 00:00,0.804578007983,parabolic,1.168468,0
N6,2014-07-29 10:00,-1,0.803992181243,0.806117945205,0.00212576396207,sup,3,2853,2014-02-03 20:00,1.87e-05,auto,2014-07-30 08:00,0.803992181243,BE,-0.0,1
N6,2014-08-01 06:00,-1,0.800416307371,0.803254184397,0.00283787702581,sup,3,2918,2014-02-03 20:00,1.705e-05,auto,2014-08-01 08:00,0.803254184397,stop,-1.0,0
N6,2014-08-19 15:00,-1,0.797395621803,0.800595,0.00319937819721,sup,3,5674,2013-08-30 11:00,1.512e-05,auto,2014-08-19 23:00,0.79373529315,parabolic,1.144075,0
N6,2014-08-20 15:00,-1,0.792998663968,0.796030769231,0.00303210526316,sup,3,5697,2013-08-30 11:00,1.429e-05,auto,2014-08-21 02:00,0.792998663968,BE,-0.0,1
N6,2014-08-25 09:00,-1,0.790379256401,0.79298,0.00260074359874,sup,3,5756,2013-08-30 11:00,1.369e-05,auto,2014-08-25 18:00,0.788064567818,parabolic,0.89001,0
N6,2014-09-02 10:00,-1,0.789094771072,0.794919104859,0.00582433378753,sup,3,5891,2013-08-30 11:00,1.316e-05,auto,2014-09-02 11:00,0.786822283613,parabolic,0.390171,0
N6,2014-09-02 23:00,-1,0.786372042098,0.787581363636,0.00120932153825,sup,3,5903,2013-08-30 11:00,1.267e-05,auto,2014-09-03 01:00,0.787581363636,stop,-1.0,0
N6,2014-09-04 19:00,-1,0.786459002202,0.791620338983,0.00516133678078,sup,3,5945,2013-08-30 11:00,1.26e-05,auto,2014-09-05 10:00,0.791139806761,stop,-0.906898,1
N6,2014-11-26 22:00,1,0.756532568203,0.749196315789,0.00733625241372,res,3,2211,2014-07-15 10:00,-3.421e-05,auto,2014-11-27 18:00,0.751153735458,stop,-0.733185,1
N6,2014-12-10 19:00,1,0.750994235866,0.73520675,0.0157874858657,res,3,2431,2014-07-15 10:00,-3.339e-05,auto,2014-12-10 20:00,0.751467349055,parabolic,0.029968,0
N6,2014-12-29 00:00,1,0.746255047771,0.743326666667,0.00292838110403,res,3,2686,2014-07-15 10:00,-3.198e-05,auto,2014-12-30 03:00,0.751083971482,parabolic,1.649008,1
N6,2014-12-31 05:00,1,0.752938442653,0.751440769231,0.00149767342222,res,4,2737,2014-07-15 10:00,-2.894e-05,auto,2014-12-31 06:00,0.751440769231,stop,-1.0,0
N6,2015-01-08 03:00,1,0.749710968213,0.742779322034,0.00693164617947,res,4,2850,2014-07-15 10:00,-2.893e-05,auto,2015-01-12 04:00,0.746189808109,stop,-0.507983,1
N6,2015-01-15 07:00,1,0.753422721713,0.740175384615,0.0132473370972,res,4,3021,2014-07-11 04:00,-2.65e-05,auto,2015-01-15 08:00,0.757718228083,parabolic,0.324254,0
N6,2015-03-20 12:00,1,0.732331826605,0.723023636364,0.00930819024126,res,4,4076,2014-07-11 04:00,-2.482e-05,auto,2015-03-20 13:00,0.731832443471,parabolic,-0.05365,0
N6,2015-03-22 18:00,1,0.734302781457,0.725191818182,0.00911096327514,res,3,4081,2014-07-11 04:00,-2.43e-05,auto,2015-03-23 00:00,0.738628925862,parabolic,0.474828,0
N6,2015-03-23 00:00,1,0.734544741485,0.727793636364,0.00675110512129,res,3,4087,2014-07-11 04:00,-2.421e-05,auto,2015-03-24 09:00,0.73849,21EMA,0.584387,1
N6,2015-04-15 13:00,1,0.736706797875,0.727773478261,0.00893331961404,res,4,4486,2014-07-11 04:00,-2.157e-05,auto,2015-04-17 10:00,0.74395,21EMA,0.810807,1
N6,2015-04-22 04:00,1,0.749453862983,0.744134418605,0.00531944437877,res,3,4592,2014-07-11 04:00,-1.83e-05,auto,2015-04-22 10:00,0.744134418605,stop,-1.0,0
N6,2015-04-28 10:00,1,0.748847444493,0.740244651163,0.00860279333003,res,4,4690,2014-07-11 04:00,-1.805e-05,auto,2015-04-28 11:00,0.750582494892,parabolic,0.201685,0
N6,2015-04-29 10:00,1,0.750789242069,0.745364615385,0.00542462668479,res,3,4713,2014-07-11 04:00,-1.755e-05,auto,2015-04-29 18:00,0.745364615385,stop,-1.0,0
N6,2015-09-27 23:00,1,0.62961,0.62712,0.00249,res,3,2458,2015-04-29 12:00,-4.966e-05,auto,2015-09-28 04:00,0.62712,stop,-1.0,0
N6,2015-09-30 04:00,1,0.6285760313,0.62442,0.00415603130016,res,3,2509,2015-04-29 12:00,-4.906e-05,auto,2015-10-01 11:00,0.63109,21EMA,0.604896,1
N6,2015-10-04 18:00,1,0.63574,0.631184,0.004556,res,3,2568,2015-04-29 12:00,-4.534e-05,auto,2015-10-05 03:00,0.640468110731,parabolic,1.037777,0
N6,2015-10-12 10:00,1,0.663621667905,0.66067308642,0.00294858148515,res,3,2699,2015-04-29 12:00,-3.262e-05,auto,2015-10-12 19:00,0.66067308642,stop,-1.0,0
N6,2015-12-04 09:00,1,0.662853986562,0.655897058824,0.00695692773862,res,3,3588,2015-04-29 12:00,-2.475e-05,auto,2015-12-04 10:00,0.670169255448,parabolic,1.051509,0
N6,2015-12-11 02:00,1,0.670432664303,0.648394955752,0.022037708551,res,4,3696,2015-04-29 12:00,-2.198e-05,auto,2015-12-21 22:00,0.675010395598,parabolic,0.207723,0
N6,2015-12-21 23:00,1,0.675243251258,0.670581612903,0.00466163835439,res,3,3854,2015-04-29 12:00,-1.983e-05,auto,2015-12-22 02:00,0.6765990821,parabolic,0.290849,0
N6,2015-12-24 05:00,1,0.675885009018,0.674876666667,0.00100834235163,res,4,3906,2015-04-29 12:00,-1.94e-05,auto,2015-12-28 06:00,0.67667,21EMA,0.778496,1
N6,2016-02-11 18:00,1,0.669173971703,0.655421677419,0.0137522942835,res,5,4670,2015-04-29 12:00,-1.766e-05,auto,2016-02-12 09:00,0.65812086936,stop,-0.803728,1
N6,2016-02-22 09:00,1,0.66669983561,0.653632938856,0.0130668967535,res,5,4819,2015-04-29 12:00,-1.763e-05,auto,2016-02-22 10:00,0.667560774892,parabolic,0.065887,0
N6,2016-02-22 11:00,1,0.667990343584,0.653723629191,0.014266714393,res,3,9536,2014-07-11 04:00,-1.736e-05,auto,2016-02-22 12:00,0.668408860139,parabolic,0.029335,0
N6,2016-02-25 13:00,1,0.667299074132,0.6644515,0.00284757413233,res,3,9607,2014-07-11 04:00,-1.73e-05,auto,2016-02-25 18:00,0.671644826302,parabolic,1.526124,0
N6,2016-03-03 12:00,1,0.671961893522,0.666727142857,0.00523475066475,res,3,9721,2014-07-11 04:00,-1.662e-05,auto,2016-03-07 01:00,0.67458,21EMA,0.50014,1
N6,2016-03-17 03:00,1,0.675669865526,0.655038152174,0.0206317133518,res,3,9942,2014-07-11 04:00,-1.587e-05,auto,2016-03-17 04:00,0.678284942293,parabolic,0.12675,0
N6,2016-04-12 20:00,1,0.69025,0.6867,0.00355,res,3,193,2016-03-31 10:00,-1.978e-05,auto,2016-04-13 20:00,0.6867,stop,-1.0,0
N6,2016-04-18 07:00,1,0.691904638717,0.683213636364,0.00869100235352,res,3,10429,2014-07-11 04:00,-1.358e-05,auto,2016-04-19 20:00,0.69925,21EMA,0.845168,1
N6,2016-05-02 18:00,1,0.700864225527,0.698988461538,0.00187576398818,res,6,10699,2014-07-09 21:00,-1.243e-05,auto,2016-05-03 00:00,0.700864225527,BE,0.0,1
N6,2016-06-07 10:00,1,0.696780526906,0.69114,0.00564052690583,res,4,11286,2014-07-09 21:00,-1.215e-05,auto,2016-06-08 18:00,0.707149949228,parabolic,1.838378,1
N6,2016-06-08 18:00,1,0.70845,0.699505,0.008945,res,3,11316,2014-07-09 21:00,-1.161e-05,auto,2016-06-08 19:00,0.709306406939,parabolic,0.095741,0
N6,2016-06-09 00:00,1,0.71370754727,0.70171,0.0119975472698,res,3,11322,2014-07-09 21:00,-1.061e-05,auto,2016-06-09 01:00,0.713383059538,parabolic,-0.027046,0
N6,2016-06-20 09:00,1,0.712961411411,0.70983137931,0.00313003210107,res,4,11492,2014-07-09 21:00,-1.052e-05,auto,2016-06-21 09:00,0.712961411411,BE,0.0,1
N6,2016-06-22 07:00,1,0.716856847316,0.714092911392,0.00276393592391,res,3,11536,2014-07-09 21:00,-1.014e-05,auto,2016-06-23 05:00,0.723831991021,parabolic,2.523627,1
N6,2016-06-23 15:00,1,0.725535707735,0.7226,0.0029357077349,res,3,11567,2014-07-09 21:00,-9.37e-06,auto,2016-06-23 18:00,0.7226,stop,-1.0,0
N6,2016-07-07 20:00,1,0.724482910201,0.71969,0.00479291020097,res,5,11797,2014-07-09 21:00,-9.27e-06,auto,2016-07-11 01:00,0.72773,21EMA,0.677478,1
N6,2016-07-12 03:00,1,0.731364541762,0.723138157895,0.00822638386713,res,4,11850,2014-07-09 21:00,-8.65e-06,auto,2016-07-12 04:00,0.732502831617,parabolic,0.138371,0
N6,2016-07-12 12:00,1,0.732591678339,0.724566315789,0.00802536254991,res,3,11859,2014-07-09 21:00,-8.54e-06,auto,2016-07-13 23:00,0.724566315789,stop,-1.0,0
N6,2016-08-10 18:00,1,0.72934,0.725373333333,0.00396666666667,res,3,12347,2014-07-09 21:00,-8.47e-06,auto,2016-08-11 04:00,0.725373333333,stop,-1.0,0
N6,2016-08-16 08:00,1,0.732499419386,0.723840434783,0.00865898460358,res,4,12430,2014-07-09 21:00,-8.16e-06,auto,2016-08-16 18:00,0.736192741459,parabolic,0.426531,0
N6,2016-08-16 18:00,1,0.732786863234,0.727336363636,0.00545049959775,res,4,12439,2014-07-09 21:00,-8.13e-06,auto,2016-08-17 00:00,0.727336363636,stop,-1.0,0
N6,2016-08-23 01:00,1,0.7354932173,0.724729525862,0.0107636914384,res,3,12538,2014-07-09 21:00,-7.85e-06,auto,2016-08-26 08:00,0.738782569187,parabolic,0.305597,1
N6,2016-08-26 08:00,1,0.73656314896,0.734696666667,0.00186648229324,res,3,12614,2014-07-09 21:00,-7.71e-06,auto,2016-08-26 10:00,0.73656314896,BE,0.0,1
N6,2016-09-06 10:00,1,0.739844277901,0.735109433962,0.00473484393881,res,3,12773,2014-07-09 21:00,-7.36e-06,auto,2016-09-06 11:00,0.742752535347,parabolic,0.614225,0
N6,2016-09-06 21:00,1,0.74537153804,0.739135454545,0.00623608349462,res,4,12783,2014-07-09 21:00,-6.92e-06,auto,2016-09-07 03:00,0.749182594072,parabolic,0.61113,0
N6,2016-10-11 06:00,-1,0.710338673933,0.716346774194,0.00600810026076,sup,3,2206,2016-05-29 20:00,1.967e-05,auto,2016-10-13 21:00,0.716346774194,stop,-1.0,0
N6,2016-11-08 15:00,1,0.745125275111,0.73863,0.00649527511122,res,4,13813,2014-07-09 21:00,-6.42e-06,auto,2016-11-08 16:00,0.745489548858,parabolic,0.056083,0
N6,2016-11-11 14:00,-1,0.71654344,0.7227028125,0.0061593725,sup,3,2743,2016-05-29 20:00,1.808e-05,auto,2016-11-16 12:00,0.71338,21EMA,0.513598,1
N6,2016-11-17 21:00,-1,0.706613444017,0.713146535433,0.00653309141606,sup,3,4945,2016-01-20 04:00,1.557e-05,auto,2016-11-21 18:00,0.713146535433,stop,-1.0,0
N6,2016-11-23 18:00,-1,0.70472978852,0.71135,0.00662021148036,sup,3,5034,2016-01-20 04:00,1.492e-05,auto,2016-11-25 09:00,0.71135,stop,-1.0,0
N6,2016-12-15 11:00,-1,0.707704701567,0.731381561969,0.0236768604029,sup,3,5389,2016-01-20 04:00,1.449e-05,auto,2016-12-16 09:00,0.703478007615,parabolic,0.178516,1
N6,2016-12-19 13:00,-1,0.699374166053,0.730242275042,0.0308681089894,sup,3,5437,2016-01-20 04:00,1.283e-05,auto,2016-12-20 07:00,0.694290841834,parabolic,0.164679,0
N6,2016-12-23 07:00,-1,0.694865374037,0.696137,0.0012716259626,sup,3,5523,2016-01-20 04:00,1.182e-05,auto,2016-12-23 10:00,0.692405261007,parabolic,1.93462,1
N6,2017-01-25 16:00,1,0.738010270035,0.731269852941,0.0067404170943,res,3,15045,2014-07-09 21:00,-6.37e-06,auto,2017-01-26 07:00,0.731269852941,stop,-1.0,0
N6,2017-01-31 07:00,1,0.73753418821,0.735134210526,0.00239997768396,res,5,15128,2014-07-09 21:00,-6.37e-06,auto,2017-01-31 10:00,0.742356921513,parabolic,2.009491,1
N6,2017-02-06 21:00,1,0.741773321658,0.737716,0.00405732165752,res,4,15233,2014-07-09 21:00,-6.05e-06,auto,2017-02-06 22:00,0.744884946134,parabolic,0.766916,0
N6,2017-03-07 10:00,-1,0.705047889523,0.707153137255,0.00210524773224,sup,3,6668,2016-01-20 04:00,1.131e-05,auto,2017-03-07 20:00,0.705047889523,BE,-0.0,1
N6,2017-03-08 20:00,-1,0.698361577532,0.702014921875,0.00365334434288,sup,3,6700,2016-01-20 04:00,1.026e-05,auto,2017-03-10 08:00,0.702014921875,stop,-1.0,0
N6,2017-03-14 04:00,-1,0.697501395973,0.700131935484,0.00263053951072,sup,6,6777,2016-01-20 04:00,1.002e-05,auto,2017-03-14 10:00,0.700131935484,stop,-1.0,0
N6,2017-04-07 16:00,-1,0.701438685259,0.70875998995,0.00732130469078,sup,6,7203,2016-01-20 04:00,9.97e-06,auto,2017-04-12 16:00,0.70510692784,stop,-0.501037,1
N6,2017-05-04 08:00,-1,0.694422752761,0.696476470588,0.00205371782698,sup,5,9496,2015-09-23 12:00,8.53e-06,auto,2017-05-04 19:00,0.696476470588,stop,-1.0,0
N6,2017-06-14 02:00,1,0.733083929369,0.730394937028,0.00268899234081,res,5,17300,2014-07-09 21:00,-5.83e-06,auto,2017-06-14 05:00,0.735969905624,parabolic,1.073256,0
N6,2017-06-26 08:00,1,0.741054163393,0.736825483871,0.00422867952168,res,3,17490,2014-07-09 21:00,-5.31e-06,auto,2017-06-27 04:00,0.744027655964,parabolic,0.703173,0
N6,2017-10-02 23:00,-1,0.728494146029,0.731901333333,0.0034071873043,sup,3,2361,2017-05-10 19:00,1.601e-05,auto,2017-10-03 22:00,0.731901333333,stop,-1.0,0
N6,2017-10-04 20:00,-1,0.726522530475,0.728025714286,0.00150318381072,sup,3,2404,2017-05-10 19:00,1.49e-05,auto,2017-10-04 21:00,0.728025714286,stop,-1.0,0
N6,2017-10-05 08:00,-1,0.726125956739,0.727642413793,0.00151645705433,sup,3,2416,2017-05-10 19:00,1.466e-05,auto,2017-10-06 08:00,0.717135238027,parabolic,5.928766,1
N6,2017-10-19 20:00,-1,0.712104380079,0.727906666667,0.0158022865875,sup,3,12255,2015-09-23 12:00,8.06e-06,auto,2017-10-19 21:00,0.709301947264,parabolic,0.177344,0
N6,2017-10-20 09:00,-1,0.708735499714,0.72717,0.0184345002856,sup,3,12268,2015-09-23 12:00,7.77e-06,auto,2017-11-13 21:00,0.698928046186,parabolic,0.532016,1
N6,2017-11-16 08:00,-1,0.695218732622,0.702177446809,0.00695871418646,sup,3,12704,2015-09-23 12:00,6.44e-06,auto,2017-11-17 03:00,0.690978352362,parabolic,0.609363,1
N6,2018-01-22 19:00,1,0.746643434343,0.7451375,0.00150593434343,res,4,2879,2017-07-26 23:00,-7.07e-06,auto,2018-01-22 21:00,0.746643434343,BE,0.0,1
N6,2018-01-23 19:00,1,0.750223752592,0.746335,0.00388875259157,res,3,2902,2017-07-26 23:00,-5.78e-06,auto,2018-01-24 10:00,0.756490605449,parabolic,1.611533,1
N6,2018-04-24 20:00,-1,0.725290609756,0.729014285714,0.00372367595819,sup,6,2507,2017-11-17 05:00,1.427e-05,auto,2018-04-26 06:00,0.72221,21EMA,0.827303,1
N6,2018-04-26 18:00,-1,0.720242259332,0.722257230769,0.00201497143721,sup,5,2551,2017-11-17 05:00,1.204e-05,auto,2018-04-27 08:00,0.720242259332,BE,-0.0,1
N6,2018-04-30 09:00,-1,0.718397695906,0.721546666667,0.00314897076023,sup,3,2589,2017-11-17 05:00,1.115e-05,auto,2018-05-01 22:00,0.71609,21EMA,0.732841,1
N6,2018-05-02 15:00,-1,0.713621645038,0.715623888889,0.00200224385072,sup,4,2641,2017-11-17 05:00,9.13e-06,auto,2018-05-02 23:00,0.715623888889,stop,-1.0,0
N6,2018-05-08 21:00,-1,0.709626090143,0.715524983713,0.00589889357045,sup,3,2738,2017-11-17 05:00,7.34e-06,auto,2018-05-09 21:00,0.705912289213,parabolic,0.629576,0
N6,2018-05-14 21:00,-1,0.704725860555,0.709489898477,0.00476403792196,sup,3,15554,2015-09-23 12:00,5.87e-06,auto,2018-05-15 09:00,0.700165339574,parabolic,0.957281,0
N6,2018-05-15 21:00,-1,0.699410752281,0.704132258065,0.0047215057839,sup,3,15577,2015-09-23 12:00,5.52e-06,auto,2018-05-16 09:00,0.704132258065,stop,-1.0,0
N6,2018-06-20 04:00,-1,0.702218499069,0.704731707317,0.00251320824793,sup,3,16155,2015-09-23 12:00,5.5e-06,auto,2018-06-20 21:00,0.697070645652,parabolic,2.048319,1
N6,2018-08-27 11:00,1,0.683332902784,0.681397647059,0.00193525572529,res,4,2207,2018-04-13 04:00,-3.232e-05,auto,2018-08-28 02:00,0.681397647059,stop,-1.0,0
N6,2018-09-19 11:00,1,0.675070841453,0.673470909091,0.0015999323617,res,4,2594,2018-04-13 04:00,-3.068e-05,auto,2018-09-19 18:00,0.678262216833,parabolic,1.994694,0
N6,2018-09-19 18:00,1,0.675427630058,0.674095384615,0.00133224544242,res,3,2600,2018-04-13 04:00,-3.047e-05,auto,2018-09-21 07:00,0.68139,21EMA,4.475429,1
N6,2018-10-30 09:00,1,0.670071171724,0.66788,0.00219117172369,res,3,3259,2018-04-13 04:00,-2.596e-05,auto,2018-10-30 23:00,0.66788,stop,-1.0,0
N6,2018-10-31 23:00,1,0.669709678801,0.665238421053,0.00447125774822,res,3,3295,2018-04-13 04:00,-2.578e-05,auto,2018-11-01 01:00,0.672107554642,parabolic,0.536287,1
N6,2018-11-02 07:00,1,0.682389626506,0.667196315789,0.0151933107166,res,3,3326,2018-04-13 04:00,-2.173e-05,auto,2018-11-06 16:00,0.685470388641,parabolic,0.202771,1
N6,2018-11-16 09:00,1,0.697812293371,0.694099,0.00371329337094,res,4,3558,2018-04-13 04:00,-1.598e-05,auto,2018-11-16 12:00,0.701998219008,parabolic,1.127281,0
N6,2018-11-28 12:00,1,0.69457,0.691366441718,0.00320355828221,res,3,174,2018-11-16 15:00,-4.5e-05,auto,2018-11-28 13:00,0.699874443397,parabolic,1.655797,0
N6,2018-11-30 12:00,1,0.701954285714,0.700747,0.00120728571429,res,4,3784,2018-04-13 04:00,-1.393e-05,auto,2018-11-30 13:00,0.700747,stop,-1.0,0
N6,2018-12-02 18:00,1,0.70414,0.700024666667,0.00411533333333,res,3,3789,2018-04-13 04:00,-1.381e-05,auto,2018-12-04 08:00,0.70832,21EMA,1.015714,1
N6,2019-01-31 08:00,1,0.705735791367,0.704426315789,0.00130947557743,res,3,4739,2018-04-13 04:00,-1.032e-05,auto,2019-01-31 10:00,0.705735791367,BE,0.0,1
N6,2019-03-20 14:00,1,0.699471555252,0.696851428571,0.00262012668096,res,4,759,2019-02-01 08:00,-1.071e-05,auto,2019-03-20 15:00,0.702972880812,parabolic,1.336319,0
N6,2019-04-01 23:00,-1,0.690152300208,0.69469037037,0.00453807016189,sup,3,1444,2019-01-02 18:00,1.246e-05,auto,2019-04-02 11:00,0.686126697543,parabolic,0.887074,0
N6,2019-04-11 09:00,-1,0.6849709375,0.688563436293,0.00359249879344,sup,4,2970,2018-10-09 09:00,9.79e-06,auto,2019-04-12 08:00,0.688322116011,stop,-0.932827,1
N6,2019-04-16 18:00,-1,0.684099572281,0.688752844575,0.00465327229361,sup,3,3083,2018-10-07 20:00,9.25e-06,auto,2019-04-18 08:00,0.679949481073,parabolic,0.891865,1
N6,2019-04-22 20:00,-1,0.679137329311,0.686652298851,0.00751496953968,sup,7,3154,2018-10-07 20:00,7.47e-06,auto,2019-04-23 09:00,0.676454158405,parabolic,0.357043,1
N6,2019-04-23 21:00,-1,0.674790416667,0.677152527473,0.00236211080586,sup,3,3178,2018-10-07 20:00,6.04e-06,auto,2019-04-23 22:00,0.673910225804,parabolic,0.372629,0
N6,2019-04-24 08:00,-1,0.673154061616,0.6741175,0.000963438384156,sup,3,3189,2018-10-07 20:00,5.51e-06,auto,2019-04-24 13:00,0.670625540707,parabolic,2.624476,1
N6,2019-07-18 18:00,1,0.689653650507,0.685194662162,0.00445898834435,res,3,7471,2018-04-13 04:00,-8.7e-06,auto,2019-07-22 19:00,0.685194662162,stop,-1.0,0
N6,2019-12-04 08:00,1,0.6616025399,0.659535423729,0.00206711617087,res,3,2219,2019-07-22 09:00,-1.259e-05,auto,2019-12-04 18:00,0.6616025399,BE,0.0,1
N6,2019-12-05 23:00,1,0.664560928668,0.663631111111,0.000929817556453,res,3,2256,2019-07-22 09:00,-1.108e-05,auto,2019-12-06 08:00,0.664560928668,BE,0.0,1
N6,2019-12-06 12:00,1,0.666038523665,0.663754545455,0.00228397821024,res,3,2307,2019-07-18 18:00,-1.037e-05,auto,2019-12-08 20:00,0.663754545455,stop,-1.0,0
N6,2019-12-11 11:00,1,0.665479072388,0.661671497006,0.0038075753824,res,5,2375,2019-07-18 18:00,-1.031e-05,auto,2019-12-11 14:00,0.667696516309,parabolic,0.582377,0
N6,2019-12-12 18:00,1,0.67033,0.666482,0.003848,res,6,9875,2018-04-13 04:00,-8.67e-06,auto,2019-12-17 03:00,0.666482,stop,-1.0,0
N6,2019-12-23 03:00,1,0.669956702789,0.669015,0.000941702789484,res,7,10022,2018-04-13 04:00,-8.45e-06,auto,2019-12-23 07:00,0.669956702789,BE,0.0,1
N6,2019-12-24 10:00,1,0.672500959586,0.67093,0.0015709595859,res,3,10052,2018-04-13 04:00,-8.17e-06,auto,2019-12-26 10:00,0.675144397637,parabolic,1.68269,1
N6,2019-12-29 19:00,1,0.679577978407,0.676964444444,0.00261353396285,res,3,10103,2018-04-13 04:00,-7.43e-06,auto,2019-12-31 03:00,0.68095,21EMA,0.524968,1
N6,2019-12-31 05:00,1,0.682288599644,0.680851111111,0.00143748853337,res,4,10136,2018-04-13 04:00,-7.14e-06,auto,2019-12-31 12:00,0.682288599644,BE,0.0,1
N6,2020-02-18 08:00,-1,0.64626985315,0.64716,0.000890146849834,sup,3,2235,2019-10-01 09:00,7.5e-06,auto,2020-02-18 10:00,0.64716,stop,-1.0,0
N6,2020-02-19 09:00,-1,0.645769558233,0.648204242424,0.00243468419131,sup,4,2259,2019-10-01 09:00,7.2e-06,auto,2020-02-19 20:00,0.645769558233,BE,-0.0,1
N6,2020-02-20 21:00,-1,0.639939127193,0.644468,0.00452887280702,sup,3,2293,2019-10-01 09:00,4.55e-06,auto,2020-02-27 22:00,0.632588195203,parabolic,1.623126,1
N6,2020-05-20 05:00,1,0.61939141844,0.611631,0.00776041843972,res,3,2264,2019-12-31 10:00,-2.857e-05,auto,2020-05-26 04:00,0.624374445591,parabolic,0.642108,1
N6,2020-05-28 11:00,1,0.630850016835,0.62594,0.00491001683502,res,3,2404,2019-12-31 10:00,-2.214e-05,auto,2020-05-29 11:00,0.62594,stop,-1.0,0
N6,2020-06-04 22:00,1,0.656179678444,0.652417058824,0.0037626196203,res,3,2529,2019-12-31 10:00,-1.103e-05,auto,2020-06-09 00:00,0.66247,21EMA,1.671793,1
N6,2020-07-06 01:00,1,0.664519048216,0.662714,0.00180504821639,res,3,13152,2018-04-13 04:00,-6.85e-06,auto,2020-07-06 04:00,0.662714,stop,-1.0,0
N6,2020-07-06 20:00,1,0.665376103304,0.664231797753,0.00114430555141,res,3,13170,2018-04-13 04:00,-6.78e-06,auto,2020-07-06 21:00,0.665376103304,BE,0.0,1
N6,2020-07-08 14:00,1,0.6667571959,0.663316564885,0.00344063101428,res,3,13211,2018-04-13 04:00,-6.65e-06,auto,2020-07-13 15:00,0.663316564885,stop,-1.0,0
N6,2020-07-21 05:00,1,0.66789176194,0.66534037037,0.00255139156993,res,4,13409,2018-04-13 04:00,-6.47e-06,auto,2020-07-21 06:00,0.670204594587,parabolic,0.906499,0
N6,2020-07-22 01:00,1,0.674200040229,0.66690962963,0.00729041059983,res,3,13428,2018-04-13 04:00,-5.99e-06,auto,2020-08-02 20:00,0.67049439151,stop,-0.508291,1
N6,2020-08-07 13:00,-1,0.668314157783,0.674435714286,0.0061215565032,sup,4,2306,2020-03-18 23:00,4.989e-05,auto,2020-08-11 22:00,0.662091399412,parabolic,1.016532,1
N6,2020-08-16 20:00,-1,0.662490087029,0.663949189189,0.00145910216059,sup,4,2427,2020-03-18 23:00,4.501e-05,auto,2020-08-17 04:00,0.662490087029,BE,-0.0,1
N6,2020-08-20 04:00,-1,0.663698734481,0.673771754967,0.0100730204855,sup,3,2504,2020-03-18 23:00,4.41e-05,auto,2020-08-20 08:00,0.65930508565,parabolic,0.43618,0
N6,2020-08-28 05:00,1,0.678309950703,0.67581,0.00249995070267,res,3,14053,2018-04-13 04:00,-5.43e-06,auto,2020-08-28 07:00,0.680311812487,parabolic,0.800761,0
N6,2020-08-30 19:00,1,0.683724698769,0.680685,0.00303969876947,res,3,14066,2018-04-13 04:00,-5.04e-06,auto,2020-09-01 13:00,0.68407,21EMA,0.113597,1
N6,2020-09-01 22:00,1,0.687152607956,0.684135454545,0.0030171534103,res,3,14115,2018-04-13 04:00,-4.78e-06,auto,2020-09-02 07:00,0.684135454545,stop,-1.0,0
N6,2020-09-08 18:00,-1,0.670323929853,0.678477391304,0.00815346145182,sup,3,2812,2020-03-18 23:00,4.163e-05,auto,2020-09-09 09:00,0.677076354229,stop,-0.828167,1
N6,2020-09-21 09:00,-1,0.677362027027,0.685396470588,0.00803444356121,sup,3,3011,2020-03-18 23:00,4.122e-05,auto,2020-09-21 10:00,0.676840684214,parabolic,0.064888,0
N6,2020-09-22 02:00,-1,0.674570456802,0.683391764706,0.0088213079035,sup,3,3027,2020-03-18 23:00,4.008e-05,auto,2020-09-23 14:00,0.663496693412,parabolic,1.255343,1
N6,2020-10-06 21:00,-1,0.666837297824,0.67412975089,0.00729245306571,sup,3,3275,2020-03-18 23:00,3.468e-05,auto,2020-10-09 03:00,0.670516211859,stop,-0.504482,1
N6,2020-10-19 19:00,-1,0.668552145985,0.673212307692,0.00466016170691,sup,3,3480,2020-03-18 23:00,3.313e-05,auto,2020-10-19 21:00,0.666727924704,parabolic,0.39145,1
N6,2020-10-30 13:00,-1,0.669517791143,0.675782115385,0.00626432424191,sup,3,3682,2020-03-18 23:00,3.157e-05,auto,2020-11-02 20:00,0.673398199962,stop,-0.619446,1
N6,2020-11-08 20:00,1,0.6894714391,0.686535,0.00293643909982,res,3,15213,2018-04-13 04:00,-4.29e-06,auto,2020-11-09 06:00,0.6894714391,BE,0.0,1
N6,2020-11-09 06:00,1,0.691030741325,0.689018333333,0.00201240799159,res,3,15223,2018-04-13 04:00,-4.18e-06,auto,2020-11-09 07:00,0.691030741325,BE,0.0,1
N6,2020-11-10 21:00,1,0.697360078555,0.691625,0.0057350785546,res,3,16533,2018-01-24 16:00,-3.75e-06,auto,2020-11-10 22:00,0.699618383501,parabolic,0.393771,0
N6,2020-11-11 20:00,1,0.699804352244,0.694456238532,0.00534811371175,res,5,16555,2018-01-24 16:00,-3.6e-06,auto,2020-11-12 12:00,0.694456238532,stop,-1.0,0
N6,2021-03-08 08:00,-1,0.720012152032,0.72442,0.00440784796762,sup,3,5706,2020-03-18 23:00,2.922e-05,auto,2021-03-08 10:00,0.72442,stop,-1.0,0
N6,2021-03-08 20:00,-1,0.720333616048,0.7232025,0.00286888395214,sup,4,5717,2020-03-18 23:00,2.922e-05,auto,2021-03-09 02:00,0.7232025,stop,-1.0,0
N6,2021-03-18 20:00,-1,0.725546,0.735650930233,0.0101049302326,sup,3,184,2021-03-08 20:00,3.15e-05,auto,2021-03-22 20:00,0.720464239354,parabolic,0.502899,0
N6,2021-03-25 03:00,-1,0.70518044125,0.717573703704,0.0123932624535,sup,3,6000,2020-03-18 23:00,2.532e-05,auto,2021-04-01 13:00,0.711535509103,stop,-0.512784,1
N6,2021-06-03 08:00,-1,0.730120777385,0.732035714286,0.00191493690056,sup,3,1033,2021-04-01 01:00,2.555e-05,auto,2021-06-03 09:00,0.726787989135,parabolic,1.740417,0
N6,2021-06-15 07:00,-1,0.722228299712,0.725267777778,0.00303947806596,sup,3,7329,2020-03-18 23:00,2.305e-05,auto,2021-06-16 14:00,0.717706656931,parabolic,1.487638,0
N6,2021-07-01 14:00,-1,0.705911348284,0.709993333333,0.00408198504909,sup,3,7612,2020-03-18 23:00,2.005e-05,auto,2021-07-02 10:00,0.709993333333,stop,-1.0,0
N6,2021-07-08 21:00,-1,0.703317074055,0.710407241379,0.00709016732442,sup,3,7729,2020-03-18 23:00,1.941e-05,auto,2021-07-09 15:00,0.709914438738,stop,-0.930495,1
N6,2021-07-19 15:00,-1,0.70172179868,0.705324,0.00360220132013,sup,3,7885,2020-03-18 23:00,1.883e-05,auto,2021-07-20 14:00,0.70172179868,BE,-0.0,1
N6,2021-08-18 20:00,-1,0.696578509673,0.699655116279,0.00307660660627,sup,3,8395,2020-03-18 23:00,1.707e-05,auto,2021-08-19 23:00,0.69323,21EMA,1.088378,1
N6,2021-09-03 08:00,1,0.724799125683,0.722985,0.00181412568306,res,4,3119,2021-02-25 04:00,-1.011e-05,auto,2021-09-03 09:00,0.722985,stop,-1.0,0
N6,2021-09-29 09:00,-1,0.700409385163,0.703455217391,0.0030458322281,sup,4,9071,2020-03-18 23:00,1.622e-05,auto,2021-09-29 10:00,0.698217687228,parabolic,0.719573,0
N6,2021-10-18 21:00,1,0.720104724698,0.718652727273,0.00145199742575,res,5,3840,2021-02-25 04:00,-9.43e-06,auto,2021-10-18 22:00,0.722053670672,parabolic,1.342252,0
N6,2021-10-20 21:00,1,0.730860675258,0.729466666667,0.00139400859107,res,3,3886,2021-02-25 04:00,-6.55e-06,auto,2021-10-21 00:00,0.729466666667,stop,-1.0,0
N6,2021-11-21 19:00,-1,0.708669445667,0.7101175,0.00144805433348,sup,6,9931,2020-03-18 23:00,1.565e-05,auto,2021-11-21 23:00,0.7101175,stop,-1.0,0
N6,2021-11-29 09:00,-1,0.69052500748,0.692941549296,0.00241654181597,sup,4,10053,2020-03-18 23:00,1.365e-05,auto,2021-11-29 18:00,0.692941549296,stop,-1.0,0
N6,2021-11-30 01:00,-1,0.68861477275,0.6928,0.00418522725012,sup,3,10068,2020-03-18 23:00,1.344e-05,auto,2021-11-30 08:00,0.6928,stop,-1.0,0
N6,2021-12-03 02:00,-1,0.687766050804,0.689985,0.00221894919627,sup,3,10138,2020-03-18 23:00,1.327e-05,auto,2021-12-03 08:00,0.689985,stop,-1.0,0
N6,2021-12-06 11:00,-1,0.6837855093,0.688564545455,0.00477903615428,sup,4,10170,2020-03-18 23:00,1.283e-05,auto,2021-12-07 16:00,0.688564545455,stop,-1.0,0
N6,2021-12-13 20:00,-1,0.684481989305,0.688527888889,0.00404589958408,sup,3,10293,2020-03-18 23:00,1.275e-05,auto,2021-12-15 14:00,0.684481989305,BE,-0.0,1
N6,2021-12-15 14:00,-1,0.682450005808,0.68395,0.00149999419167,sup,3,10334,2020-03-18 23:00,1.25e-05,auto,2021-12-15 15:00,0.68395,stop,-1.0,0
N6,2021-12-20 04:00,-1,0.680522455971,0.68195,0.00142754402942,sup,3,10393,2020-03-18 23:00,1.225e-05,auto,2021-12-20 05:00,0.68195,stop,-1.0,0
N6,2022-01-07 08:00,-1,0.683716131148,0.692432733189,0.00871660204118,sup,5,10696,2020-03-18 23:00,1.22e-05,auto,2022-01-11 13:00,0.688262523392,stop,-0.521579,1
N6,2022-01-20 15:00,-1,0.686132684718,0.690688034188,0.00455534947027,sup,9,10910,2020-03-18 23:00,1.218e-05,auto,2022-01-20 20:00,0.682659254637,parabolic,0.762495,1
N6,2022-01-21 03:00,-1,0.682732987905,0.689885128205,0.00715214029969,sup,3,10921,2020-03-18 23:00,1.186e-05,auto,2022-01-26 22:00,0.671457865901,parabolic,1.576468,1
N6,2022-01-28 02:00,-1,0.667072196228,0.676776421053,0.00970422482485,sup,3,11035,2020-03-18 23:00,1.031e-05,auto,2022-02-01 15:00,0.674713186817,stop,-0.787388,1
N6,2022-03-17 13:00,1,0.701010873552,0.697896,0.00311487355212,res,3,2273,2021-10-28 10:00,-1.353e-05,auto,2022-03-21 20:00,0.697896,stop,-1.0,0
N6,2022-03-22 06:00,1,0.703259413808,0.698318762887,0.00494065092148,res,3,2335,2021-10-28 10:00,-1.221e-05,auto,2022-03-22 09:00,0.706989377814,parabolic,0.754954,0
N6,2022-03-23 14:00,1,0.708834970213,0.70589516129,0.00293980892244,res,3,2366,2021-10-28 10:00,-9.69e-06,auto,2022-03-24 05:00,0.70589516129,stop,-1.0,0
N6,2022-03-30 07:00,1,0.709607391667,0.700394851064,0.00921254060284,res,4,2474,2021-10-28 10:00,-8.95e-06,auto,2022-03-31 19:00,0.704271131431,stop,-0.579239,1
N6,2022-04-22 10:00,-1,0.676373243415,0.678905714286,0.00253247087121,sup,3,12400,2020-03-18 23:00,9.93e-06,auto,2022-04-22 11:00,0.675070121546,parabolic,0.514565,0
N6,2022-04-27 03:00,-1,0.66759669931,0.671152424242,0.00355572493274,sup,3,12462,2020-03-18 23:00,9.17e-06,auto,2022-04-28 00:00,0.660110648383,parabolic,2.105352,1
N6,2022-04-29 16:00,-1,0.656759716619,0.664205735294,0.00744601867548,sup,3,12521,2020-03-18 23:00,8.27e-06,auto,2022-05-04 14:00,0.664205735294,stop,-1.0,0
N6,2022-05-08 18:00,-1,0.650785762161,0.654011818182,0.00322605602051,sup,3,12637,2020-03-18 23:00,7.72e-06,auto,2022-05-10 01:00,0.64517,21EMA,1.740752,1
N6,2022-06-14 06:00,-1,0.635789632278,0.639777333333,0.0039877010555,sup,3,13247,2020-03-18 23:00,6.23e-06,auto,2022-06-14 22:00,0.63541,21EMA,0.095201,1
N6,2022-06-29 09:00,-1,0.632479093995,0.63562,0.00314090600483,sup,3,13503,2020-03-18 23:00,5.87e-06,auto,2022-06-30 04:00,0.63562,stop,-1.0,0
N6,2022-07-13 08:00,-1,0.621714326003,0.624750862069,0.00303653606619,sup,3,13732,2020-03-18 23:00,4.99e-06,auto,2022-07-13 10:00,0.624750862069,stop,-1.0,0
N6,2022-08-31 21:00,-1,0.621647492003,0.62516,0.00351250799651,sup,3,14549,2020-03-18 23:00,4.7e-06,auto,2022-09-02 03:00,0.61991,21EMA,0.494659,1
N6,2022-09-06 10:00,-1,0.617445669983,0.620404,0.00295833001715,sup,3,14631,2020-03-18 23:00,4.39e-06,auto,2022-09-06 22:00,0.612339546084,parabolic,1.726016,1
N6,2022-09-15 10:00,-1,0.610025126677,0.624450889292,0.0144257626156,sup,3,14792,2020-03-18 23:00,3.84e-06,auto,2022-09-22 04:00,0.599,21EMA,0.764266,1
N6,2022-11-24 07:00,1,0.639361087756,0.63772,0.00164108775617,res,3,3815,2022-04-05 10:00,-1.988e-05,auto,2022-11-24 11:00,0.639361087756,BE,0.0,1
N6,2022-12-02 15:00,1,0.653944282818,0.647742045455,0.0062022373635,res,3,3958,2022-04-05 10:00,-1.548e-05,auto,2022-12-05 10:00,0.647742045455,stop,-1.0,0
N6,2022-12-13 08:00,1,0.654949103194,0.650922709924,0.00402639327044,res,3,4111,2022-04-05 10:00,-1.466e-05,auto,2022-12-13 09:00,0.660350621353,parabolic,1.341528,0
N6,2023-01-17 21:00,1,0.657389396887,0.650686818182,0.00670257870534,res,3,4652,2022-04-05 10:00,-1.243e-05,auto,2023-01-18 11:00,0.657389396887,BE,0.0,1
N6,2023-01-24 16:00,1,0.664199385004,0.65928915493,0.00491023007463,res,3,4763,2022-04-05 10:00,-1.071e-05,auto,2023-01-24 19:00,0.65928915493,stop,-1.0,0
N6,2023-02-28 03:00,-1,0.625001936523,0.627256,0.00225406347746,sup,3,2199,2022-10-13 08:00,2.848e-05,auto,2023-02-28 05:00,0.627256,stop,-1.0,0
N6,2023-03-09 18:00,-1,0.61996,0.625305283019,0.00534528301887,sup,3,2374,2022-10-13 08:00,2.452e-05,auto,2023-03-10 08:00,0.625305283019,stop,-1.0,0
N6,2023-04-12 03:00,-1,0.629956230186,0.631231696429,0.00127546624249,sup,4,2907,2022-10-13 08:00,2.325e-05,auto,2023-04-12 06:00,0.631231696429,stop,-1.0,0
N6,2023-04-16 21:00,-1,0.630859539202,0.641856666667,0.0109971274645,sup,4,2970,2022-10-13 08:00,2.306e-05,auto,2023-05-04 21:00,0.641856666667,stop,-1.0,0
N6,2023-05-10 21:00,1,0.649993887531,0.648322,0.00167188753056,res,4,6510,2022-04-05 10:00,-1.002e-05,auto,2023-05-10 22:00,0.648322,stop,-1.0,0
N6,2023-05-23 22:00,-1,0.633758849315,0.636295714286,0.00253686497065,sup,3,444,2023-04-26 14:00,2.581e-05,auto,2023-05-23 23:00,0.630252191315,parabolic,1.38228,0
N6,2023-05-26 10:00,-1,0.615751692393,0.619936101695,0.00418440930241,sup,3,3650,2022-10-13 08:00,1.462e-05,auto,2023-05-31 15:00,0.61324,21EMA,0.60025,1
N6,2023-07-12 10:00,1,0.639977319508,0.629821304348,0.0101560151606,res,3,7535,2022-04-05 10:00,-9.98e-06,auto,2023-07-12 11:00,0.64093976423,parabolic,0.094766,0
N6,2023-08-08 01:00,-1,0.618253070965,0.622033414634,0.00378034366911,sup,3,4837,2022-10-13 08:00,1.155e-05,auto,2023-08-10 08:00,0.622033414634,stop,-1.0,0
N6,2023-08-15 20:00,-1,0.605929159409,0.60822,0.00229084059145,sup,3,4970,2022-10-13 08:00,8.76e-06,auto,2023-08-15 22:00,0.60822,stop,-1.0,0
N6,2023-08-16 15:00,-1,0.604471864816,0.608865862069,0.00439399725303,sup,3,4989,2022-10-13 08:00,8.44e-06,auto,2023-08-22 06:00,0.608319653548,stop,-0.875692,1
N6,2023-09-05 02:00,-1,0.60071877433,0.60378,0.00306122566969,sup,3,5298,2022-10-13 08:00,7.24e-06,auto,2023-09-05 03:00,0.600030289088,parabolic,0.224905,0
N6,2023-09-06 10:00,-1,0.59725854053,0.600529705882,0.00327116535198,sup,3,5329,2022-10-13 08:00,6.55e-06,auto,2023-09-07 09:00,0.600529705882,stop,-1.0,0
N6,2023-10-03 21:00,-1,0.600048694295,0.6039,0.00385130570487,sup,7,5776,2022-10-13 08:00,6.52e-06,auto,2023-10-04 20:00,0.6039,stop,-1.0,0
N6,2023-10-17 04:00,-1,0.599631443922,0.601473333333,0.00184188941124,sup,3,5990,2022-10-13 08:00,6.22e-06,auto,2023-10-17 07:00,0.601473333333,stop,-1.0,0
N6,2023-10-23 03:00,-1,0.592860272322,0.595173966942,0.00231369461998,sup,5,6081,2022-10-13 08:00,5.01e-06,auto,2023-10-23 10:00,0.595173966942,stop,-1.0,0
N6,2023-10-25 13:00,-1,0.59205934453,0.594406,0.00234665547041,sup,3,6137,2022-10-13 08:00,4.84e-06,auto,2023-10-25 20:00,0.589037943153,parabolic,1.287535,1
N6,2023-11-24 07:00,1,0.619121268868,0.617211176471,0.00191009239734,res,3,2193,2023-07-13 23:00,-1.56e-05,auto,2023-11-27 05:00,0.619121268868,BE,0.0,1
N6,2023-11-27 05:00,1,0.620636920981,0.618511666667,0.00212525431426,res,3,2211,2023-07-13 23:00,-1.479e-05,auto,2023-11-28 02:00,0.620636920981,BE,0.0,1
N6,2023-12-01 12:00,1,0.632069368327,0.627634782609,0.00443458571871,res,3,2310,2023-07-13 23:00,-9.2e-06,auto,2023-12-04 10:00,0.627634782609,stop,-1.0,0
N6,2023-12-13 15:00,1,0.632930063408,0.620635705263,0.012294358145,res,3,10066,2022-04-05 10:00,-8.17e-06,auto,2023-12-13 16:00,0.631394797128,parabolic,-0.124876,0
N6,2023-12-18 01:00,1,0.636438683479,0.6326396,0.00379908347895,res,3,10121,2022-04-05 10:00,-7.78e-06,auto,2023-12-18 10:00,0.6326396,stop,-1.0,0
N6,2023-12-19 08:00,1,0.636761366061,0.634673333333,0.00208803272751,res,3,10151,2022-04-05 10:00,-7.73e-06,auto,2023-12-20 14:00,0.63875,21EMA,0.952396,1
N6,2023-12-21 18:00,1,0.641643785377,0.637480514706,0.00416327067148,res,3,10206,2022-04-05 10:00,-7.21e-06,auto,2023-12-28 03:00,0.64563,21EMA,0.957472,1
N6,2024-03-15 08:00,-1,0.620576540825,0.627890659341,0.00731411851537,sup,3,2282,2023-10-25 23:00,1.414e-05,auto,2024-03-19 05:00,0.615058670819,parabolic,0.754414,1
N6,2024-03-20 04:00,-1,0.615010184946,0.616283928571,0.00127374362519,sup,3,2347,2023-10-25 23:00,1.137e-05,auto,2024-03-20 14:00,0.616283928571,stop,-1.0,0
N6,2024-03-26 21:00,-1,0.610308881962,0.613074444444,0.00276556248268,sup,3,2455,2023-10-25 23:00,8.96e-06,auto,2024-03-28 05:00,0.607094933552,parabolic,1.162132,0
N6,2024-04-01 10:00,-1,0.607180056315,0.608991666667,0.0018116103513,sup,3,2514,2023-10-25 23:00,7.5e-06,auto,2024-04-01 11:00,0.605633853626,parabolic,0.853496,0
N6,2024-04-14 21:00,-1,0.604643909058,0.607333714286,0.00268980522814,sup,3,2731,2023-10-25 23:00,5.98e-06,auto,2024-04-15 21:00,0.599460791967,parabolic,1.926949,1
N6,2024-04-15 21:00,-1,0.599943618614,0.603173823529,0.00323020491568,sup,3,8900,2022-10-13 08:00,4.22e-06,auto,2024-04-15 22:00,0.598953068492,parabolic,0.306652,0
N6,2024-04-16 13:00,-1,0.598476193896,0.599818529412,0.00134233551589,sup,3,8916,2022-10-13 08:00,4.05e-06,auto,2024-04-16 14:00,0.599818529412,stop,-1.0,0
N6,2024-05-15 08:00,1,0.618013249768,0.612013363636,0.00599988613151,res,3,1081,2024-03-08 08:00,-1.419e-05,auto,2024-05-15 13:00,0.623817014229,parabolic,0.967312,1
N6,2024-05-15 19:00,1,0.624280053524,0.619865217391,0.00441483613234,res,3,2252,2023-12-27 21:00,-1.099e-05,auto,2024-05-15 20:00,0.62551281189,parabolic,0.279231,0
N6,2024-05-17 13:00,1,0.625295796715,0.622656176471,0.0026396202449,res,3,2293,2023-12-27 21:00,-1.036e-05,auto,2024-05-20 08:00,0.622656176471,stop,-1.0,0
N6,2024-05-21 22:00,1,0.624867122396,0.621278666667,0.00358845572917,res,5,2347,2023-12-27 21:00,-1.03e-05,auto,2024-05-22 14:00,0.621278666667,stop,-1.0,0
N6,2024-05-27 07:00,1,0.626153868769,0.624821071429,0.00133279734007,res,3,2425,2023-12-27 21:00,-9.44e-06,auto,2024-05-28 09:00,0.62709,21EMA,0.702381,1
N6,2024-06-03 09:00,1,0.628028150794,0.62563173913,0.00239641166322,res,4,2542,2023-12-27 21:00,-8.27e-06,auto,2024-06-03 10:00,0.630129486837,parabolic,0.876868,0
N6,2024-06-05 20:00,1,0.6314685482,0.629517,0.00195154819977,res,4,2598,2023-12-27 21:00,-6.76e-06,auto,2024-06-06 08:00,0.629517,stop,-1.0,0
N6,2024-06-07 08:00,1,0.63308326816,0.630632622951,0.00245064520922,res,3,15480,2021-10-28 10:00,-6.37e-06,auto,2024-06-07 09:00,0.630632622951,stop,-1.0,0
N6,2024-06-12 09:00,1,0.633323178295,0.626038421053,0.00728475724194,res,4,15549,2021-10-28 10:00,-6.33e-06,auto,2024-06-12 10:00,0.631638604191,parabolic,-0.231246,0
N6,2024-07-25 02:00,-1,0.602336120401,0.604285684211,0.00194956380919,sup,3,10560,2022-10-13 08:00,3.78e-06,auto,2024-07-25 08:00,0.599560149847,parabolic,1.423893,0
N6,2024-07-29 03:00,-1,0.599432878459,0.600614635762,0.00118175730281,sup,6,10607,2022-10-13 08:00,3.49e-06,auto,2024-07-29 18:00,0.59927,21EMA,0.137827,1
N6,2024-08-20 14:00,1,0.627014882773,0.625213333333,0.00180154943935,res,3,16681,2021-10-28 10:00,-6.28e-06,auto,2024-08-21 03:00,0.625213333333,stop,-1.0,0
N6,2024-11-18 06:00,-1,0.595147380972,0.597492807018,0.00234542604598,sup,3,12450,2022-10-13 08:00,2.63e-06,auto,2024-11-18 10:00,0.597492807018,stop,-1.0,0
N6,2024-11-22 11:00,-1,0.593337271132,0.595105,0.00176772886762,sup,3,12547,2022-10-13 08:00,2.47e-06,auto,2024-11-24 18:00,0.595105,stop,-1.0,0
N6,2024-12-10 10:00,-1,0.591267556651,0.59892495637,0.00765739971895,sup,3,12820,2022-10-13 08:00,2.25e-06,auto,2024-12-11 02:00,0.587828443921,parabolic,0.449123,1
N6,2025-02-23 21:00,1,0.587172523686,0.584560243902,0.00261227978404,res,3,2348,2024-09-30 13:00,-2.683e-05,auto,2025-02-24 05:00,0.584560243902,stop,-1.0,0
N6,2025-03-06 08:00,1,0.584641178093,0.58268,0.00196117809299,res,3,2543,2024-09-30 13:00,-2.576e-05,auto,2025-03-06 21:00,0.58268,stop,-1.0,0
N6,2025-03-12 20:00,1,0.583895679497,0.58045,0.00344567949725,res,3,2646,2024-09-30 13:00,-2.504e-05,auto,2025-03-13 03:00,0.58045,stop,-1.0,0
N6,2025-03-14 08:00,1,0.583175529101,0.582208571429,0.000966957671958,res,3,2681,2024-09-30 13:00,-2.498e-05,auto,2025-03-17 06:00,0.588368322728,parabolic,5.370239,1
N6,2025-03-18 04:00,1,0.592932886598,0.59021,0.00272288659794,res,3,2723,2024-09-30 13:00,-2.102e-05,auto,2025-03-18 10:00,0.59021,stop,-1.0,0
N6,2025-03-19 18:00,1,0.592436816012,0.58706,0.00537681601175,res,3,2759,2024-09-30 13:00,-2.092e-05,auto,2025-03-20 03:00,0.58706,stop,-1.0,0
N6,2025-04-02 16:00,1,0.58780079739,0.58377375,0.00402704739036,res,3,2988,2024-09-30 13:00,-2.087e-05,auto,2025-04-02 18:00,0.58377375,stop,-1.0,0
N6,2025-04-03 03:00,1,0.587751834003,0.578478867925,0.00927296607815,res,5,2998,2024-09-30 13:00,-2.082e-05,auto,2025-04-03 06:00,0.592243088544,parabolic,0.484339,1
N6,2025-04-13 19:00,1,0.593839134309,0.591138043478,0.0027010908311,res,3,3151,2024-09-30 13:00,-1.787e-05,auto,2025-04-14 09:00,0.593839134309,BE,0.0,1
N6,2025-04-14 21:00,1,0.599039520656,0.582549292306,0.0164902283499,res,3,3176,2024-09-30 13:00,-1.61e-05,ema,2025-05-23 05:00,0.605178491756,parabolic,0.372279,1
N6,2025-06-16 09:00,1,0.616036033898,0.6100775,0.00595853389831,res,4,4177,2024-09-30 13:00,-8.17e-06,auto,2025-06-16 10:00,0.617574556718,parabolic,0.258205,0
N6,2025-06-26 23:00,1,0.616585519387,0.615425443038,0.00116007634929,res,4,4374,2024-09-30 13:00,-7.68e-06,auto,2025-06-27 00:00,0.615425443038,stop,-1.0,0
N6,2025-06-27 03:00,1,0.616639373571,0.60005018227,0.016589191301,res,4,4378,2024-09-30 13:00,-7.66e-06,auto,2025-07-16 10:00,0.60005018227,stop,-1.0,0
N6,2025-08-20 20:00,-1,0.589406274238,0.592860625,0.00345435076177,sup,4,2181,2025-04-08 20:00,1.442e-05,auto,2025-08-22 10:00,0.592860625,stop,-1.0,0
N6,2025-09-19 02:00,-1,0.593789132791,0.607656052632,0.0138669198403,sup,5,2670,2025-04-08 20:00,1.342e-05,auto,2025-09-24 09:00,0.58867869942,parabolic,0.368534,0
N6,2025-09-25 08:00,-1,0.587888937251,0.589673488372,0.00178455112146,sup,4,2768,2025-04-08 20:00,1.081e-05,auto,2025-09-25 09:00,0.585199881491,parabolic,1.506853,0
N6,2025-09-26 06:00,-1,0.582558197193,0.586757906977,0.00419970978351,sup,3,2789,2025-04-08 20:00,8.82e-06,auto,2025-09-30 02:00,0.586757906977,stop,-1.0,0
N6,2025-10-07 21:00,-1,0.583901642166,0.586606470588,0.00270482842258,sup,3,2964,2025-04-08 20:00,8.75e-06,auto,2025-10-07 22:00,0.583142781782,parabolic,0.280558,0
N6,2025-10-10 11:00,-1,0.580348069241,0.585126,0.00477793075899,sup,3,3024,2025-04-08 20:00,7.4e-06,auto,2025-10-14 02:00,0.575529554998,parabolic,1.008494,1
N6,2025-11-03 09:00,-1,0.576696247961,0.578177234043,0.0014809860817,sup,3,3390,2025-04-08 20:00,5.53e-06,auto,2025-11-04 04:00,0.572339977778,parabolic,2.941466,1
N6,2025-11-06 10:00,-1,0.569270955302,0.572044274809,0.00277331950679,sup,3,3460,2025-04-08 20:00,3.27e-06,auto,2025-11-11 08:00,0.572044274809,stop,-1.0,0
N6,2025-11-19 10:00,-1,0.567106401036,0.56843,0.00132359896433,sup,3,3667,2025-04-08 20:00,2.49e-06,auto,2025-11-19 11:00,0.565803271545,parabolic,0.984535,0
N6,2026-01-20 02:00,1,0.588030820433,0.584756666667,0.00327415376677,res,3,3266,2025-07-01 06:00,-1.012e-05,auto,2026-01-20 03:00,0.588171253954,parabolic,0.042892,0
N6,2026-01-21 02:00,1,0.589485557252,0.58753625,0.00194930725191,res,3,3289,2025-07-01 06:00,-9.6e-06,auto,2026-01-22 09:00,0.59369136516,parabolic,2.157591,1
N6,2026-01-26 05:00,1,0.601961923621,0.600582,0.00137992362093,res,3,7788,2024-09-30 13:00,-6.19e-06,auto,2026-01-26 08:00,0.600582,stop,-1.0,0
N6,2026-01-26 09:00,1,0.601955254237,0.598100588235,0.00385466600199,res,3,7792,2024-09-30 13:00,-6.19e-06,auto,2026-01-27 11:00,0.606427768513,parabolic,1.160286,0
