symbol,"old(open,causalF)",intrabar 1200,intrabar (max span)
J7,95.0,342.4,462.3
J1,84.5,224.3,293.5
PA,84.6,115.3,177.0
PL,87.5,91.0,146.2
RY,80.5,85.1,134.5
KRW,31.3,136.2,127.7
MGC,104.3,85.7,121.0
GC,86.1,64.3,109.3
HG,99.2,77.5,102.8
E7,120.8,9.2,101.0
MFS,22.0,71.1,95.9
RS,40.8,65.3,94.5
CNH,19.4,32.8,93.2
DX,141.7,27.9,93.2
BZ,2.1,5.7,70.8
CL,17.2,32.1,68.2
ZR,46.6,75.0,63.5
RB,17.2,18.9,60.3
GF,44.2,38.8,55.5
E6,116.0,-20.8,54.1
MME,49.3,44.4,47.2
FTI,23.7,20.6,46.6
BTC,19.8,31.3,45.8
HE,22.3,18.4,40.7
RP,79.1,43.9,40.6
DC,30.3,6.4,37.5
HO,14.4,-3.9,37.3
KE,45.7,37.2,36.4
RM,27.6,12.7,35.8
FDXS,28.8,27.3,35.5
EW,44.8,34.3,34.5
B,8.2,11.5,33.8
FOAT,66.0,2.5,33.7
FBTP,36.7,19.3,31.7
FTDX,4.3,27.4,29.0
NG,32.0,20.6,28.3
TN,58.6,-21.1,26.0
E1,115.7,34.9,25.7
G,25.8,-29.8,25.1
MES,35.1,15.7,24.2
MNQ,16.8,32.1,23.7
LBS,2.7,3.7,23.2
SIL,41.2,8.5,21.9
XAF,6.1,23.0,20.3
OJ,13.1,8.4,18.7
MBT,22.8,15.7,17.5
ZW,38.3,4.4,17.1
M2K,34.9,23.7,16.0
ESG,11.0,14.8,16.0
N6,100.0,29.1,14.1
SB,32.6,22.7,11.7
EBM,11.0,-3.2,10.1
FBTS,31.6,14.6,9.5
ALI,0.8,9.3,9.5
CB,-8.9,1.2,9.1
FDXM,12.1,2.1,9.0
HH,-2.0,1.2,8.9
VX,5.3,10.3,7.6
XAE,10.4,5.9,7.5
MURA,10.1,9.2,7.0
GSCI,10.4,9.8,5.2
FDAX,52.2,9.4,4.9
MET,4.2,-4.0,4.8
MFC,6.8,2.5,4.3
FSMX,1.9,5.5,3.9
B6,84.1,-18.0,3.8
FBON,1.7,-4.3,3.4
XAI,3.4,7.6,3.0
CSC,6.6,6.1,3.0
PRK,-0.9,1.5,2.1
FDIV,1.4,2.0,2.0
KC,15.0,-19.8,1.3
CT,18.8,-13.8,1.0
ZS,30.3,-3.1,0.4
FMWO,-4.3,1.8,0.2
ZRPA,-0.1,-0.1,-0.1
ZTWA,-2.5,9.0,-0.5
FVSA,1.5,2.6,-1.3
CC,31.0,16.6,-1.5
TTF,-2.0,-3.9,-1.6
BFX,1.6,0.0,-1.6
ZO,30.3,14.7,-2.8
C,11.8,7.8,-3.0
ZL,40.8,-16.8,-3.6
PSI,-4.3,-4.4,-4.0
FGBX,73.3,-16.0,-4.4
MAX,-4.1,-5.5,-5.5
HRC,-0.6,-9.4,-7.9
RTY,54.0,2.4,-8.0
ZF,104.6,-34.3,-9.6
FXXP,29.7,4.9,-11.2
MCL,-7.1,-14.5,-11.3
FTUK,52.6,-5.7,-12.7
VXM,-4.3,-18.6,-13.4
FCE,15.7,-5.6,-16.6
NKD,67.0,-25.0,-16.8
LE,52.0,-1.6,-17.5
XC,24.0,-4.6,-17.9
NOK,-1.0,-17.7,-24.2
QG,1.8,-2.4,-29.8
NQ,48.2,-24.4,-29.9
SI,46.4,-32.0,-32.8
SIR,51.8,-50.1,-34.3
SEK,17.8,4.2,-36.0
YM,72.7,-38.3,-38.2
BR,14.5,-3.4,-43.9
NIY,56.4,-43.0,-52.0
FGBL,69.8,-43.8,-53.1
ZM,16.0,-37.6,-57.7
ES,61.5,-67.9,-69.6
UB,61.3,-56.0,-76.9
FESX,25.6,-37.7,-94.8
T6,32.6,-21.8,-95.9
FGBM,56.7,-75.1,-96.9
ZC,13.0,-55.4,-97.3
PJY,-7.3,-60.5,-100.0
A6,63.2,-67.6,-104.0
MP,75.9,-91.0,-104.4
ZT,34.4,-69.6,-112.7
AD,80.0,-90.9,-135.0
ZN,81.5,-154.6,-155.1
FEU3,0.0,-43.3,-155.4
US,98.7,-154.7,-189.8
SO3,5.5,-150.9,-202.7
JB,33.7,-178.1,-290.3
FGBS,18.4,-152.1,-302.2
L,-0.0,-199.8,-446.8
SR1,-1.0,-508.1,-705.0
SR3,6.9,-618.8,-1330.0
ER,1.4,-885.5,-2674.6
ZQ,0.0,-1077.5,-4257.6
