symbol,config,maxspan,trades,win,totalR,avgR,PF,long,short
A6,"old(open,causalF)",1200,263,49.8,70.9,0.27,1.86,146,117
A6,intrabar s1200,1200,1161,38.6,-28.7,-0.02,0.95,617,544
A6,intrabar s1000000000000000000000000000000000000000000000000000000000000000000000000000000000000000000000000000,1000000000000000000000000000000000000000000000000000000000000000000000000000000000000000000000000000,1739,39.3,-48.1,-0.03,0.94,886,853
AD,"old(open,causalF)",1200,216,58.8,94.2,0.44,2.7,104,112
AD,intrabar s1200,1200,1375,42.5,25.1,0.02,1.05,706,669
AD,intrabar s1000000000000000000000000000000000000000000000000000000000000000000000000000000000000000000000000000,1000000000000000000000000000000000000000000000000000000000000000000000000000000000000000000000000000,1935,43.3,20.4,0.01,1.03,994,941
ALI,"old(open,causalF)",1200,34,47.1,1.6,0.05,1.11,10,24
ALI,intrabar s1200,1200,99,48.5,11.5,0.12,1.29,35,64
ALI,intrabar s1000000000000000000000000000000000000000000000000000000000000000000000000000000000000000000000000000,1000000000000000000000000000000000000000000000000000000000000000000000000000000000000000000000000000,171,46.8,13.5,0.08,1.2,85,86
B,"old(open,causalF)",1200,85,51.8,10.7,0.13,1.38,0,85
B,intrabar s1200,1200,188,47.3,18.2,0.1,1.25,0,188
B,intrabar s1000000000000000000000000000000000000000000000000000000000000000000000000000000000000000000000000000,1000000000000000000000000000000000000000000000000000000000000000000000000000000000000000000000000000,360,49.2,44.6,0.12,1.34,48,312
B6,"old(open,causalF)",1200,281,56.9,94.2,0.34,2.19,138,143
B6,intrabar s1200,1200,1291,42.6,35.0,0.03,1.07,632,659
B6,intrabar s1000000000000000000000000000000000000000000000000000000000000000000000000000000000000000000000000000,1000000000000000000000000000000000000000000000000000000000000000000000000000000000000000000000000000,1890,44.6,77.8,0.04,1.1,949,941
BFX,"old(open,causalF)",1200,9,55.6,1.8,0.2,2.72,6,3
BFX,intrabar s1200,1200,17,47.1,0.5,0.03,1.12,9,8
BFX,intrabar s1000000000000000000000000000000000000000000000000000000000000000000000000000000000000000000000000000,1000000000000000000000000000000000000000000000000000000000000000000000000000000000000000000000000000,40,52.5,-0.4,-0.01,0.96,28,12
BR,"old(open,causalF)",1200,79,50.6,21.2,0.27,1.93,35,44
BR,intrabar s1200,1200,215,44.7,16.8,0.08,1.2,110,105
BR,intrabar s1000000000000000000000000000000000000000000000000000000000000000000000000000000000000000000000000000,1000000000000000000000000000000000000000000000000000000000000000000000000000000000000000000000000000,341,41.9,-12.6,-0.04,0.91,194,147
BTC,"old(open,causalF)",1200,73,56.2,21.7,0.3,2.1,30,43
BTC,intrabar s1200,1200,152,50.0,35.0,0.23,1.66,62,90
BTC,intrabar s1000000000000000000000000000000000000000000000000000000000000000000000000000000000000000000000000000,1000000000000000000000000000000000000000000000000000000000000000000000000000000000000000000000000000,257,50.6,55.1,0.21,1.65,145,112
BZ,"old(open,causalF)",1200,137,46.0,7.3,0.05,1.12,54,83
BZ,intrabar s1200,1200,398,42.2,22.6,0.06,1.13,186,212
BZ,intrabar s1000000000000000000000000000000000000000000000000000000000000000000000000000000000000000000000000000,1000000000000000000000000000000000000000000000000000000000000000000000000000000000000000000000000000,693,47.0,102.5,0.15,1.39,403,290
C,"old(open,causalF)",1200,68,55.9,16.5,0.24,1.78,35,33
C,intrabar s1200,1200,177,45.8,21.5,0.12,1.32,80,97
C,intrabar s1000000000000000000000000000000000000000000000000000000000000000000000000000000000000000000000000000,1000000000000000000000000000000000000000000000000000000000000000000000000000000000000000000000000000,258,45.7,17.0,0.07,1.17,127,131
CB,"old(open,causalF)",1200,33,42.4,-8.9,-0.27,0.29,14,19
CB,intrabar s1200,1200,56,53.6,1.2,0.02,1.09,26,30
CB,intrabar s1000000000000000000000000000000000000000000000000000000000000000000000000000000000000000000000000000,1000000000000000000000000000000000000000000000000000000000000000000000000000000000000000000000000000,98,59.2,9.1,0.09,1.41,41,57
CC,"old(open,causalF)",1200,97,52.6,37.1,0.38,2.24,40,57
CC,intrabar s1200,1200,214,43.9,29.6,0.14,1.33,90,124
CC,intrabar s1000000000000000000000000000000000000000000000000000000000000000000000000000000000000000000000000000,1000000000000000000000000000000000000000000000000000000000000000000000000000000000000000000000000000,307,42.3,16.3,0.05,1.12,154,153
CL,"old(open,causalF)",1200,157,46.5,21.1,0.13,1.35,53,104
CL,intrabar s1200,1200,448,41.7,43.9,0.1,1.24,188,260
CL,intrabar s1000000000000000000000000000000000000000000000000000000000000000000000000000000000000000000000000000,1000000000000000000000000000000000000000000000000000000000000000000000000000000000000000000000000000,910,44.0,93.4,0.1,1.25,551,359
CNH,"old(open,causalF)",1200,68,51.5,20.5,0.3,2.17,34,34
CNH,intrabar s1200,1200,770,50.9,49.0,0.06,1.18,412,358
CNH,intrabar s1000000000000000000000000000000000000000000000000000000000000000000000000000000000000000000000000000,1000000000000000000000000000000000000000000000000000000000000000000000000000000000000000000000000000,1162,53.7,117.2,0.1,1.31,611,551
CSC,"old(open,causalF)",1200,46,67.4,9.1,0.2,1.86,17,29
CSC,intrabar s1200,1200,99,61.6,11.9,0.12,1.42,46,53
CSC,intrabar s1000000000000000000000000000000000000000000000000000000000000000000000000000000000000000000000000000,1000000000000000000000000000000000000000000000000000000000000000000000000000000000000000000000000000,156,59.6,12.7,0.08,1.28,68,88
CT,"old(open,causalF)",1200,129,49.6,21.1,0.16,1.48,45,84
CT,intrabar s1200,1200,334,38.6,-6.2,-0.02,0.96,129,205
CT,intrabar s1000000000000000000000000000000000000000000000000000000000000000000000000000000000000000000000000000,1000000000000000000000000000000000000000000000000000000000000000000000000000000000000000000000000000,597,41.4,14.5,0.02,1.06,303,294
DC,"old(open,causalF)",1200,104,60.6,38.1,0.37,2.55,54,50
DC,intrabar s1200,1200,268,50.7,25.7,0.1,1.26,127,141
DC,intrabar s1000000000000000000000000000000000000000000000000000000000000000000000000000000000000000000000000000,1000000000000000000000000000000000000000000000000000000000000000000000000000000000000000000000000000,524,57.4,74.2,0.14,1.44,283,241
DX,"old(open,causalF)",1200,219,67.1,150.4,0.69,4.43,109,110
DX,intrabar s1200,1200,1295,43.5,82.4,0.06,1.16,636,659
DX,intrabar s1000000000000000000000000000000000000000000000000000000000000000000000000000000000000000000000000000,1000000000000000000000000000000000000000000000000000000000000000000000000000000000000000000000000000,1923,47.0,170.8,0.09,1.23,990,933
E1,"old(open,causalF)",1200,242,62.8,125.1,0.52,3.46,127,115
E1,intrabar s1200,1200,1276,45.8,93.3,0.07,1.18,622,654
E1,intrabar s1000000000000000000000000000000000000000000000000000000000000000000000000000000000000000000000000000,1000000000000000000000000000000000000000000000000000000000000000000000000000000000000000000000000000,1901,45.8,109.7,0.06,1.15,887,1014
E6,"old(open,causalF)",1200,275,54.9,121.6,0.44,2.81,145,130
E6,intrabar s1200,1200,1304,41.3,11.1,0.01,1.02,660,644
E6,intrabar s1000000000000000000000000000000000000000000000000000000000000000000000000000000000000000000000000000,1000000000000000000000000000000000000000000000000000000000000000000000000000000000000000000000000000,1950,44.9,98.7,0.05,1.13,971,979
E7,"old(open,causalF)",1200,273,58.2,132.2,0.48,3.03,144,129
E7,intrabar s1200,1200,1356,44.1,78.0,0.06,1.14,684,672
E7,intrabar s1000000000000000000000000000000000000000000000000000000000000000000000000000000000000000000000000000,1000000000000000000000000000000000000000000000000000000000000000000000000000000000000000000000000000,2042,48.1,197.5,0.1,1.26,1010,1032
EBM,"old(open,causalF)",1200,65,52.3,25.1,0.39,2.09,27,38
EBM,intrabar s1200,1200,193,46.1,35.3,0.18,1.47,86,107
EBM,intrabar s1000000000000000000000000000000000000000000000000000000000000000000000000000000000000000000000000000,1000000000000000000000000000000000000000000000000000000000000000000000000000000000000000000000000000,332,48.5,75.6,0.23,1.62,151,181
ER,"old(open,causalF)",1200,1,100.0,1.5,1.53,,1,0
ER,intrabar s1200,1200,850,28.5,-143.7,-0.17,0.67,506,344
ER,intrabar s1000000000000000000000000000000000000000000000000000000000000000000000000000000000000000000000000000,1000000000000000000000000000000000000000000000000000000000000000000000000000000000000000000000000000,1967,24.2,-623.7,-0.32,0.46,777,1190
ES,"old(open,causalF)",1200,283,52.3,72.9,0.26,1.81,129,154
ES,intrabar s1200,1200,972,39.3,-24.0,-0.02,0.95,413,559
ES,intrabar s1000000000000000000000000000000000000000000000000000000000000000000000000000000000000000000000000000,1000000000000000000000000000000000000000000000000000000000000000000000000000000000000000000000000000,1347,41.7,-11.2,-0.01,0.98,629,718
ESG,"old(open,causalF)",1200,30,73.3,14.8,0.49,3.42,20,10
ESG,intrabar s1200,1200,81,66.7,25.9,0.32,2.29,53,28
ESG,intrabar s1000000000000000000000000000000000000000000000000000000000000000000000000000000000000000000000000000,1000000000000000000000000000000000000000000000000000000000000000000000000000000000000000000000000000,111,64.9,32.9,0.3,2.14,69,42
EW,"old(open,causalF)",1200,246,52.8,48.9,0.2,1.62,129,117
EW,intrabar s1200,1200,815,47.5,49.7,0.06,1.15,415,400
EW,intrabar s1000000000000000000000000000000000000000000000000000000000000000000000000000000000000000000000000000,1000000000000000000000000000000000000000000000000000000000000000000000000000000000000000000000000000,1178,47.8,56.1,0.05,1.12,607,571
FBON,"old(open,causalF)",1200,56,48.2,4.1,0.07,1.24,29,27
FBON,intrabar s1200,1200,327,48.9,13.8,0.04,1.11,143,184
FBON,intrabar s1000000000000000000000000000000000000000000000000000000000000000000000000000000000000000000000000000,1000000000000000000000000000000000000000000000000000000000000000000000000000000000000000000000000000,464,51.7,28.7,0.06,1.17,206,258
FBTP,"old(open,causalF)",1200,85,54.1,41.4,0.49,2.78,37,48
FBTP,intrabar s1200,1200,531,42.6,50.2,0.09,1.23,223,308
FBTP,intrabar s1000000000000000000000000000000000000000000000000000000000000000000000000000000000000000000000000000,1000000000000000000000000000000000000000000000000000000000000000000000000000000000000000000000000000,729,43.6,72.5,0.1,1.25,310,419
FBTS,"old(open,causalF)",1200,40,80.0,33.6,0.84,8.82,25,15
FBTS,intrabar s1200,1200,551,44.3,83.0,0.15,1.41,283,268
FBTS,intrabar s1000000000000000000000000000000000000000000000000000000000000000000000000000000000000000000000000000,1000000000000000000000000000000000000000000000000000000000000000000000000000000000000000000000000000,881,44.0,123.7,0.14,1.37,330,551
FCE,"old(open,causalF)",1200,132,47.0,19.4,0.15,1.49,59,73
FCE,intrabar s1200,1200,447,40.9,7.9,0.02,1.04,212,235
FCE,intrabar s1000000000000000000000000000000000000000000000000000000000000000000000000000000000000000000000000000,1000000000000000000000000000000000000000000000000000000000000000000000000000000000000000000000000000,630,41.7,2.1,0.0,1.01,348,282
FDAX,"old(open,causalF)",1200,241,51.5,57.3,0.24,1.81,119,122
FDAX,intrabar s1200,1200,687,44.1,25.2,0.04,1.09,331,356
FDAX,intrabar s1000000000000000000000000000000000000000000000000000000000000000000000000000000000000000000000000000,1000000000000000000000000000000000000000000000000000000000000000000000000000000000000000000000000000,939,45.6,26.0,0.03,1.07,499,440
FDIV,"old(open,causalF)",1200,4,75.0,1.5,0.38,7.12,3,1
FDIV,intrabar s1200,1200,11,63.6,2.4,0.22,2.06,5,6
FDIV,intrabar s1000000000000000000000000000000000000000000000000000000000000000000000000000000000000000000000000000,1000000000000000000000000000000000000000000000000000000000000000000000000000000000000000000000000000,11,63.6,2.4,0.22,2.06,5,6
FDXM,"old(open,causalF)",1200,128,45.3,14.4,0.11,1.32,62,66
FDXM,intrabar s1200,1200,464,40.5,12.5,0.03,1.06,223,241
FDXM,intrabar s1000000000000000000000000000000000000000000000000000000000000000000000000000000000000000000000000000,1000000000000000000000000000000000000000000000000000000000000000000000000000000000000000000000000000,611,42.1,22.2,0.04,1.09,302,309
FDXS,"old(open,causalF)",1200,68,54.4,29.9,0.44,2.86,31,37
FDXS,intrabar s1200,1200,258,46.1,32.3,0.13,1.32,120,138
FDXS,intrabar s1000000000000000000000000000000000000000000000000000000000000000000000000000000000000000000000000000,1000000000000000000000000000000000000000000000000000000000000000000000000000000000000000000000000000,317,47.9,41.2,0.13,1.34,153,164
FESX,"old(open,causalF)",1200,208,50.0,44.4,0.21,1.71,93,115
FESX,intrabar s1200,1200,616,43.2,19.7,0.03,1.08,265,351
FESX,intrabar s1000000000000000000000000000000000000000000000000000000000000000000000000000000000000000000000000000,1000000000000000000000000000000000000000000000000000000000000000000000000000000000000000000000000000,865,41.4,-14.9,-0.02,0.96,454,411
FEU3,"old(open,causalF)",1200,0,0.0,0.0,0.0,,0,0
FEU3,intrabar s1200,1200,165,41.8,-18.4,-0.11,0.74,99,66
FEU3,intrabar s1000000000000000000000000000000000000000000000000000000000000000000000000000000000000000000000000000,1000000000000000000000000000000000000000000000000000000000000000000000000000000000000000000000000000,472,40.3,-67.0,-0.14,0.66,156,316
FGBL,"old(open,causalF)",1200,184,60.3,79.9,0.43,2.89,78,106
FGBL,intrabar s1200,1200,1123,44.0,24.9,0.02,1.05,529,594
FGBL,intrabar s1000000000000000000000000000000000000000000000000000000000000000000000000000000000000000000000000000,1000000000000000000000000000000000000000000000000000000000000000000000000000000000000000000000000000,1558,45.3,40.0,0.03,1.06,731,827
FGBM,"old(open,causalF)",1200,92,75.0,64.7,0.7,5.58,45,47
FGBM,intrabar s1200,1200,1250,44.6,97.1,0.08,1.19,567,683
FGBM,intrabar s1000000000000000000000000000000000000000000000000000000000000000000000000000000000000000000000000000,1000000000000000000000000000000000000000000000000000000000000000000000000000000000000000000000000000,1707,46.5,128.2,0.08,1.2,721,986
FGBS,"old(open,causalF)",1200,15,80.0,19.8,1.32,22.26,9,6
FGBS,intrabar s1200,1200,1138,44.6,154.0,0.14,1.34,603,535
FGBS,intrabar s1000000000000000000000000000000000000000000000000000000000000000000000000000000000000000000000000000,1000000000000000000000000000000000000000000000000000000000000000000000000000000000000000000000000000,1831,45.3,188.1,0.1,1.26,809,1022
FGBX,"old(open,causalF)",1200,225,56.9,84.6,0.38,2.4,101,124
FGBX,intrabar s1200,1200,708,43.4,22.1,0.03,1.08,319,389
FGBX,intrabar s1000000000000000000000000000000000000000000000000000000000000000000000000000000000000000000000000000,1000000000000000000000000000000000000000000000000000000000000000000000000000000000000000000000000000,1047,45.6,51.3,0.05,1.12,529,518
FMWO,"old(open,causalF)",1200,83,42.2,-4.1,-0.05,0.88,47,36
FMWO,intrabar s1200,1200,282,46.5,2.9,0.01,1.02,139,143
FMWO,intrabar s1000000000000000000000000000000000000000000000000000000000000000000000000000000000000000000000000000,1000000000000000000000000000000000000000000000000000000000000000000000000000000000000000000000000000,374,47.9,1.5,0.0,1.01,187,187
FOAT,"old(open,causalF)",1200,114,68.4,72.1,0.63,4.64,54,60
FOAT,intrabar s1200,1200,703,46.2,46.6,0.07,1.16,332,371
FOAT,intrabar s1000000000000000000000000000000000000000000000000000000000000000000000000000000000000000000000000000,1000000000000000000000000000000000000000000000000000000000000000000000000000000000000000000000000000,1000,48.7,94.5,0.09,1.24,466,534
FSMX,"old(open,causalF)",1200,12,58.3,2.0,0.17,1.45,8,4
FSMX,intrabar s1200,1200,40,50.0,5.8,0.15,1.33,22,18
FSMX,intrabar s1000000000000000000000000000000000000000000000000000000000000000000000000000000000000000000000000000,1000000000000000000000000000000000000000000000000000000000000000000000000000000000000000000000000000,59,49.2,4.3,0.07,1.18,35,24
FTDX,"old(open,causalF)",1200,70,54.3,8.3,0.12,1.36,44,26
FTDX,intrabar s1200,1200,184,59.2,38.3,0.21,1.73,105,79
FTDX,intrabar s1000000000000000000000000000000000000000000000000000000000000000000000000000000000000000000000000000,1000000000000000000000000000000000000000000000000000000000000000000000000000000000000000000000000000,254,56.7,45.6,0.18,1.63,162,92
FTI,"old(open,causalF)",1200,136,49.3,28.0,0.21,1.7,72,64
FTI,intrabar s1200,1200,455,45.9,36.1,0.08,1.2,226,229
FTI,intrabar s1000000000000000000000000000000000000000000000000000000000000000000000000000000000000000000000000000,1000000000000000000000000000000000000000000000000000000000000000000000000000000000000000000000000000,628,48.4,68.2,0.11,1.29,356,272
FTUK,"old(open,causalF)",1200,230,50.4,58.7,0.26,1.83,124,106
FTUK,intrabar s1200,1200,838,41.9,18.4,0.02,1.05,425,413
FTUK,intrabar s1000000000000000000000000000000000000000000000000000000000000000000000000000000000000000000000000000,1000000000000000000000000000000000000000000000000000000000000000000000000000000000000000000000000000,1068,42.2,17.3,0.02,1.04,553,515
FVSA,"old(open,causalF)",1200,27,48.1,2.2,0.08,1.2,2,25
FVSA,intrabar s1200,1200,53,49.1,4.1,0.08,1.2,5,48
FVSA,intrabar s1000000000000000000000000000000000000000000000000000000000000000000000000000000000000000000000000000,1000000000000000000000000000000000000000000000000000000000000000000000000000000000000000000000000000,97,45.4,0.7,0.01,1.02,27,70
FXXP,"old(open,causalF)",1200,147,53.7,42.3,0.29,1.93,75,72
FXXP,intrabar s1200,1200,496,44.8,52.8,0.11,1.26,237,259
FXXP,intrabar s1000000000000000000000000000000000000000000000000000000000000000000000000000000000000000000000000000,1000000000000000000000000000000000000000000000000000000000000000000000000000000000000000000000000000,646,44.7,48.9,0.08,1.19,325,321
G,"old(open,causalF)",1200,161,46.6,33.6,0.21,1.61,63,98
G,intrabar s1200,1200,514,38.5,-2.4,-0.0,0.99,232,282
G,intrabar s1000000000000000000000000000000000000000000000000000000000000000000000000000000000000000000000000000,1000000000000000000000000000000000000000000000000000000000000000000000000000000000000000000000000000,851,45.6,67.5,0.08,1.2,419,432
GC,"old(open,causalF)",1200,342,50.9,91.5,0.27,1.85,180,162
GC,intrabar s1200,1200,974,43.0,81.6,0.08,1.21,506,468
GC,intrabar s1000000000000000000000000000000000000000000000000000000000000000000000000000000000000000000000000000,1000000000000000000000000000000000000000000000000000000000000000000000000000000000000000000000000000,1368,45.5,133.3,0.1,1.25,701,667
GF,"old(open,causalF)",1200,113,55.8,44.2,0.39,2.38,48,65
GF,intrabar s1200,1200,345,46.7,38.8,0.11,1.29,154,191
GF,intrabar s1000000000000000000000000000000000000000000000000000000000000000000000000000000000000000000000000000,1000000000000000000000000000000000000000000000000000000000000000000000000000000000000000000000000000,534,49.1,55.6,0.1,1.29,264,270
GSCI,"old(open,causalF)",1200,43,69.8,10.8,0.25,2.18,18,25
GSCI,intrabar s1200,1200,87,58.6,11.1,0.13,1.42,34,53
GSCI,intrabar s1000000000000000000000000000000000000000000000000000000000000000000000000000000000000000000000000000,1000000000000000000000000000000000000000000000000000000000000000000000000000000000000000000000000000,149,53.0,7.5,0.05,1.16,80,69
HE,"old(open,causalF)",1200,106,50.0,22.3,0.21,1.58,50,56
HE,intrabar s1200,1200,275,48.0,18.4,0.07,1.17,135,140
HE,intrabar s1000000000000000000000000000000000000000000000000000000000000000000000000000000000000000000000000000,1000000000000000000000000000000000000000000000000000000000000000000000000000000000000000000000000000,431,51.0,40.8,0.09,1.25,233,198
HG,"old(open,causalF)",1200,291,51.2,108.6,0.37,2.26,141,150
HG,intrabar s1200,1200,775,44.8,102.0,0.13,1.34,374,401
HG,intrabar s1000000000000000000000000000000000000000000000000000000000000000000000000000000000000000000000000000,1000000000000000000000000000000000000000000000000000000000000000000000000000000000000000000000000000,1111,45.5,137.3,0.12,1.32,566,545
HH,"old(open,causalF)",1200,44,47.7,-1.4,-0.03,0.92,11,33
HH,intrabar s1200,1200,91,51.6,2.4,0.03,1.07,24,67
HH,intrabar s1000000000000000000000000000000000000000000000000000000000000000000000000000000000000000000000000000,1000000000000000000000000000000000000000000000000000000000000000000000000000000000000000000000000000,169,53.3,11.4,0.07,1.2,86,83
HO,"old(open,causalF)",1200,202,50.0,17.5,0.09,1.22,96,106
HO,intrabar s1200,1200,549,41.7,6.0,0.01,1.03,258,291
HO,intrabar s1000000000000000000000000000000000000000000000000000000000000000000000000000000000000000000000000000,1000000000000000000000000000000000000000000000000000000000000000000000000000000000000000000000000000,941,47.1,53.4,0.06,1.15,485,456
HRC,"old(open,causalF)",1200,14,50.0,0.7,0.05,1.14,8,6
HRC,intrabar s1200,1200,43,41.9,-2.1,-0.05,0.89,22,21
HRC,intrabar s1000000000000000000000000000000000000000000000000000000000000000000000000000000000000000000000000000,1000000000000000000000000000000000000000000000000000000000000000000000000000000000000000000000000000,74,47.3,3.9,0.05,1.14,39,35
J1,"old(open,causalF)",1200,292,54.5,85.9,0.29,1.77,143,149
J1,intrabar s1200,1200,1383,42.0,233.1,0.17,1.45,680,703
J1,intrabar s1000000000000000000000000000000000000000000000000000000000000000000000000000000000000000000000000000,1000000000000000000000000000000000000000000000000000000000000000000000000000000000000000000000000000,1901,43.6,304.9,0.16,1.41,945,956
J7,"old(open,causalF)",1200,298,58.7,110.7,0.37,2.31,151,147
J7,intrabar s1200,1200,1460,47.3,450.6,0.31,1.97,699,761
J7,intrabar s1000000000000000000000000000000000000000000000000000000000000000000000000000000000000000000000000000,1000000000000000000000000000000000000000000000000000000000000000000000000000000000000000000000000000,2078,48.6,605.9,0.29,1.92,1000,1078
JB,"old(open,causalF)",1200,65,72.3,39.9,0.61,4.76,34,31
JB,intrabar s1200,1200,1517,46.3,120.6,0.08,1.2,740,777
JB,intrabar s1000000000000000000000000000000000000000000000000000000000000000000000000000000000000000000000000000,1000000000000000000000000000000000000000000000000000000000000000000000000000000000000000000000000000,2181,48.1,118.2,0.05,1.14,1026,1155
KC,"old(open,causalF)",1200,87,46.0,17.5,0.2,1.52,38,49
KC,intrabar s1200,1200,196,36.2,-14.4,-0.07,0.85,86,110
KC,intrabar s1000000000000000000000000000000000000000000000000000000000000000000000000000000000000000000000000000,1000000000000000000000000000000000000000000000000000000000000000000000000000000000000000000000000000,318,38.7,9.7,0.03,1.07,162,156
KE,"old(open,causalF)",1200,153,58.2,45.8,0.3,1.97,61,92
KE,intrabar s1200,1200,439,46.9,37.3,0.09,1.21,170,269
KE,intrabar s1000000000000000000000000000000000000000000000000000000000000000000000000000000000000000000000000000,1000000000000000000000000000000000000000000000000000000000000000000000000000000000000000000000000000,732,47.7,36.6,0.05,1.12,337,395
KRW,"old(open,causalF)",1200,14,50.0,31.9,2.28,4.72,5,9
KRW,intrabar s1200,1200,65,52.3,139.3,2.14,2.77,34,31
KRW,intrabar s1000000000000000000000000000000000000000000000000000000000000000000000000000000000000000000000000000,1000000000000000000000000000000000000000000000000000000000000000000000000000000000000000000000000000,75,52.0,131.2,1.75,2.18,41,34
L,"old(open,causalF)",1200,3,33.3,0.2,0.06,1.1,1,2
L,intrabar s1200,1200,388,29.9,-64.4,-0.17,0.7,247,141
L,intrabar s1000000000000000000000000000000000000000000000000000000000000000000000000000000000000000000000000000,1000000000000000000000000000000000000000000000000000000000000000000000000000000000000000000000000000,776,28.2,-175.8,-0.23,0.59,245,531
LBS,"old(open,causalF)",1200,82,43.9,4.1,0.05,1.14,29,53
LBS,intrabar s1200,1200,155,43.9,6.3,0.04,1.11,65,90
LBS,intrabar s1000000000000000000000000000000000000000000000000000000000000000000000000000000000000000000000000000,1000000000000000000000000000000000000000000000000000000000000000000000000000000000000000000000000000,257,49.0,27.7,0.11,1.3,119,138
LE,"old(open,causalF)",1200,149,57.0,52.1,0.35,2.23,64,85
LE,intrabar s1200,1200,431,45.5,-1.4,-0.0,0.99,196,235
LE,intrabar s1000000000000000000000000000000000000000000000000000000000000000000000000000000000000000000000000000,1000000000000000000000000000000000000000000000000000000000000000000000000000000000000000000000000000,659,45.7,-17.2,-0.03,0.94,361,298
M2K,"old(open,causalF)",1200,100,59.0,36.0,0.36,2.28,48,52
M2K,intrabar s1200,1200,311,45.7,27.3,0.09,1.23,166,145
M2K,intrabar s1000000000000000000000000000000000000000000000000000000000000000000000000000000000000000000000000000,1000000000000000000000000000000000000000000000000000000000000000000000000000000000000000000000000000,410,45.9,20.5,0.05,1.13,226,184
MAX,"old(open,causalF)",1200,11,45.5,-3.6,-0.33,0.25,3,8
MAX,intrabar s1200,1200,19,42.1,-4.5,-0.24,0.38,5,14
MAX,intrabar s1000000000000000000000000000000000000000000000000000000000000000000000000000000000000000000000000000,1000000000000000000000000000000000000000000000000000000000000000000000000000000000000000000000000000,19,42.1,-4.5,-0.24,0.38,5,14
MBT,"old(open,causalF)",1200,54,63.0,23.5,0.44,2.59,22,32
MBT,intrabar s1200,1200,105,50.5,17.2,0.16,1.45,41,64
MBT,intrabar s1000000000000000000000000000000000000000000000000000000000000000000000000000000000000000000000000000,1000000000000000000000000000000000000000000000000000000000000000000000000000000000000000000000000000,145,49.7,19.4,0.13,1.35,70,75
MCL,"old(open,causalF)",1200,59,37.3,-5.5,-0.09,0.77,25,34
MCL,intrabar s1200,1200,150,36.7,-10.4,-0.07,0.84,72,78
MCL,intrabar s1000000000000000000000000000000000000000000000000000000000000000000000000000000000000000000000000000,1000000000000000000000000000000000000000000000000000000000000000000000000000000000000000000000000000,207,41.5,-5.9,-0.03,0.93,107,100
MES,"old(open,causalF)",1200,87,55.2,36.7,0.42,2.73,43,44
MES,intrabar s1200,1200,344,41.6,23.2,0.07,1.16,153,191
MES,intrabar s1000000000000000000000000000000000000000000000000000000000000000000000000000000000000000000000000000,1000000000000000000000000000000000000000000000000000000000000000000000000000000000000000000000000000,474,44.5,33.6,0.07,1.18,219,255
MET,"old(open,causalF)",1200,37,54.1,4.9,0.13,1.41,19,18
MET,intrabar s1200,1200,83,44.6,-2.2,-0.03,0.94,47,36
MET,intrabar s1000000000000000000000000000000000000000000000000000000000000000000000000000000000000000000000000000,1000000000000000000000000000000000000000000000000000000000000000000000000000000000000000000000000000,108,49.1,6.9,0.06,1.16,66,42
MFC,"old(open,causalF)",1200,27,63.0,7.3,0.27,2.1,14,13
MFC,intrabar s1200,1200,72,56.9,4.1,0.06,1.19,34,38
MFC,intrabar s1000000000000000000000000000000000000000000000000000000000000000000000000000000000000000000000000000,1000000000000000000000000000000000000000000000000000000000000000000000000000000000000000000000000000,90,56.7,6.1,0.07,1.24,41,49
MFS,"old(open,causalF)",1200,143,53.1,24.1,0.17,1.57,69,74
MFS,intrabar s1200,1200,478,47.5,79.1,0.17,1.43,242,236
MFS,intrabar s1000000000000000000000000000000000000000000000000000000000000000000000000000000000000000000000000000,1000000000000000000000000000000000000000000000000000000000000000000000000000000000000000000000000000,677,48.2,106.9,0.16,1.42,372,305
MGC,"old(open,causalF)",1200,286,57.0,109.2,0.38,2.34,141,145
MGC,intrabar s1200,1200,892,44.8,102.4,0.11,1.29,473,419
MGC,intrabar s1000000000000000000000000000000000000000000000000000000000000000000000000000000000000000000000000000,1000000000000000000000000000000000000000000000000000000000000000000000000000000000000000000000000000,1229,47.3,143.4,0.12,1.31,636,593
MME,"old(open,causalF)",1200,164,53.0,53.8,0.33,2.11,89,75
MME,intrabar s1200,1200,569,46.9,60.1,0.11,1.27,294,275
MME,intrabar s1000000000000000000000000000000000000000000000000000000000000000000000000000000000000000000000000000,1000000000000000000000000000000000000000000000000000000000000000000000000000000000000000000000000000,827,47.2,69.8,0.08,1.21,464,363
MNQ,"old(open,causalF)",1200,79,53.2,17.1,0.22,1.67,43,36
MNQ,intrabar s1200,1200,248,47.6,33.1,0.13,1.34,131,117
MNQ,intrabar s1000000000000000000000000000000000000000000000000000000000000000000000000000000000000000000000000000,1000000000000000000000000000000000000000000000000000000000000000000000000000000000000000000000000000,373,45.8,25.1,0.07,1.17,198,175
MP,"old(open,causalF)",1200,258,58.9,106.1,0.41,2.71,107,151
MP,intrabar s1200,1200,1096,43.4,46.0,0.04,1.1,512,584
MP,intrabar s1000000000000000000000000000000000000000000000000000000000000000000000000000000000000000000000000000,1000000000000000000000000000000000000000000000000000000000000000000000000000000000000000000000000000,1669,44.9,95.7,0.06,1.14,873,796
MURA,"old(open,causalF)",1200,26,69.2,10.9,0.42,3.65,10,16
MURA,intrabar s1200,1200,75,58.7,11.6,0.15,1.63,35,40
MURA,intrabar s1000000000000000000000000000000000000000000000000000000000000000000000000000000000000000000000000000,1000000000000000000000000000000000000000000000000000000000000000000000000000000000000000000000000000,107,56.1,10.4,0.1,1.31,48,59
N6,"old(open,causalF)",1200,291,55.0,118.9,0.41,2.53,144,147
N6,intrabar s1200,1200,1175,43.5,112.5,0.1,1.23,643,532
N6,intrabar s1000000000000000000000000000000000000000000000000000000000000000000000000000000000000000000000000000,1000000000000000000000000000000000000000000000000000000000000000000000000000000000000000000000000000,1723,44.6,132.9,0.08,1.19,916,807
NG,"old(open,causalF)",1200,101,55.4,32.6,0.32,2.17,15,86
NG,intrabar s1200,1200,228,48.2,22.0,0.1,1.26,33,195
NG,intrabar s1000000000000000000000000000000000000000000000000000000000000000000000000000000000000000000000000000,1000000000000000000000000000000000000000000000000000000000000000000000000000000000000000000000000000,644,46.0,31.5,0.05,1.12,363,281
NIY,"old(open,causalF)",1200,271,57.9,81.8,0.3,2.01,126,145
NIY,intrabar s1200,1200,792,42.0,37.9,0.05,1.11,365,427
NIY,intrabar s1000000000000000000000000000000000000000000000000000000000000000000000000000000000000000000000000000,1000000000000000000000000000000000000000000000000000000000000000000000000000000000000000000000000000,1179,43.9,70.7,0.06,1.14,607,572
NKD,"old(open,causalF)",1200,287,55.7,89.8,0.31,2.16,135,152
NKD,intrabar s1200,1200,819,44.1,47.2,0.06,1.14,389,430
NKD,intrabar s1000000000000000000000000000000000000000000000000000000000000000000000000000000000000000000000000000,1000000000000000000000000000000000000000000000000000000000000000000000000000000000000000000000000000,1206,45.7,94.9,0.08,1.2,648,558
NOK,"old(open,causalF)",1200,88,50.0,4.9,0.06,1.2,47,41
NOK,intrabar s1200,1200,356,51.1,15.9,0.04,1.15,182,174
NOK,intrabar s1000000000000000000000000000000000000000000000000000000000000000000000000000000000000000000000000000,1000000000000000000000000000000000000000000000000000000000000000000000000000000000000000000000000000,528,51.3,25.6,0.05,1.16,296,232
NQ,"old(open,causalF)",1200,264,51.1,52.0,0.2,1.65,133,131
NQ,intrabar s1200,1200,844,42.4,-9.7,-0.01,0.97,417,427
NQ,intrabar s1000000000000000000000000000000000000000000000000000000000000000000000000000000000000000000000000000,1000000000000000000000000000000000000000000000000000000000000000000000000000000000000000000000000000,1159,43.4,-11.1,-0.01,0.98,590,569
OJ,"old(open,causalF)",1200,47,51.1,15.2,0.32,1.95,29,18
OJ,intrabar s1200,1200,91,46.2,12.5,0.14,1.33,51,40
OJ,intrabar s1000000000000000000000000000000000000000000000000000000000000000000000000000000000000000000000000000,1000000000000000000000000000000000000000000000000000000000000000000000000000000000000000000000000000,124,46.8,24.4,0.2,1.47,65,59
PA,"old(open,causalF)",1200,274,49.6,87.3,0.32,1.98,138,136
PA,intrabar s1200,1200,621,45.2,121.6,0.2,1.51,306,315
PA,intrabar s1000000000000000000000000000000000000000000000000000000000000000000000000000000000000000000000000000,1000000000000000000000000000000000000000000000000000000000000000000000000000000000000000000000000000,851,47.7,185.7,0.22,1.6,447,404
PJY,"old(open,causalF)",1200,74,59.5,13.5,0.18,1.69,45,29
PJY,intrabar s1200,1200,302,60.9,39.1,0.13,1.49,171,131
PJY,intrabar s1000000000000000000000000000000000000000000000000000000000000000000000000000000000000000000000000000,1000000000000000000000000000000000000000000000000000000000000000000000000000000000000000000000000000,424,58.7,43.3,0.1,1.39,240,184
PL,"old(open,causalF)",1200,291,51.2,92.2,0.32,2.03,137,154
PL,intrabar s1200,1200,768,44.9,104.3,0.14,1.36,391,377
PL,intrabar s1000000000000000000000000000000000000000000000000000000000000000000000000000000000000000000000000000,1000000000000000000000000000000000000000000000000000000000000000000000000000000000000000000000000000,1098,46.6,164.8,0.15,1.4,583,515
PRK,"old(open,causalF)",1200,6,50.0,-0.9,-0.14,0.59,4,2
PRK,intrabar s1200,1200,10,60.0,1.5,0.15,1.73,5,5
PRK,intrabar s1000000000000000000000000000000000000000000000000000000000000000000000000000000000000000000000000000,1000000000000000000000000000000000000000000000000000000000000000000000000000000000000000000000000000,13,61.5,2.1,0.16,1.97,5,8
PSI,"old(open,causalF)",1200,11,36.4,-3.8,-0.35,0.26,8,3
PSI,intrabar s1200,1200,34,50.0,-3.5,-0.1,0.67,21,13
PSI,intrabar s1000000000000000000000000000000000000000000000000000000000000000000000000000000000000000000000000000,1000000000000000000000000000000000000000000000000000000000000000000000000000000000000000000000000000,46,50.0,-2.8,-0.06,0.77,28,18
QG,"old(open,causalF)",1200,100,47.0,4.5,0.05,1.12,18,82
QG,intrabar s1200,1200,243,45.3,4.5,0.02,1.04,37,206
QG,intrabar s1000000000000000000000000000000000000000000000000000000000000000000000000000000000000000000000000000,1000000000000000000000000000000000000000000000000000000000000000000000000000000000000000000000000000,1328,42.6,14.6,0.01,1.03,1066,262
RB,"old(open,causalF)",1200,185,47.6,20.6,0.11,1.33,83,102
RB,intrabar s1200,1200,537,45.1,28.9,0.05,1.14,263,274
RB,intrabar s1000000000000000000000000000000000000000000000000000000000000000000000000000000000000000000000000000,1000000000000000000000000000000000000000000000000000000000000000000000000000000000000000000000000000,823,48.5,75.7,0.09,1.25,442,381
RM,"old(open,causalF)",1200,81,51.9,39.1,0.48,2.31,43,38
RM,intrabar s1200,1200,201,44.8,39.1,0.19,1.48,113,88
RM,intrabar s1000000000000000000000000000000000000000000000000000000000000000000000000000000000000000000000000000,1000000000000000000000000000000000000000000000000000000000000000000000000000000000000000000000000000,289,48.4,71.4,0.25,1.66,170,119
RP,"old(open,causalF)",1200,203,70.0,85.4,0.42,3.16,100,103
RP,intrabar s1200,1200,1290,50.8,98.1,0.08,1.21,631,659
RP,intrabar s1000000000000000000000000000000000000000000000000000000000000000000000000000000000000000000000000000,1000000000000000000000000000000000000000000000000000000000000000000000000000000000000000000000000000,1940,51.6,117.1,0.06,1.17,909,1031
RS,"old(open,causalF)",1200,161,55.3,48.4,0.3,2.02,68,93
RS,intrabar s1200,1200,494,49.8,92.1,0.19,1.52,247,247
RS,intrabar s1000000000000000000000000000000000000000000000000000000000000000000000000000000000000000000000000000,1000000000000000000000000000000000000000000000000000000000000000000000000000000000000000000000000000,838,48.7,138.6,0.17,1.44,453,385
RTY,"old(open,causalF)",1200,266,54.1,58.9,0.22,1.68,139,127
RTY,intrabar s1200,1200,803,44.1,18.0,0.02,1.05,414,389
RTY,intrabar s1000000000000000000000000000000000000000000000000000000000000000000000000000000000000000000000000000,1000000000000000000000000000000000000000000000000000000000000000000000000000000000000000000000000000,1116,44.7,12.7,0.01,1.03,602,514
RY,"old(open,causalF)",1200,227,64.8,90.5,0.4,2.81,101,126
RY,intrabar s1200,1200,1303,51.5,152.8,0.12,1.33,674,629
RY,intrabar s1000000000000000000000000000000000000000000000000000000000000000000000000000000000000000000000000000,1000000000000000000000000000000000000000000000000000000000000000000000000000000000000000000000000000,1943,53.5,232.3,0.12,1.36,976,967
SB,"old(open,causalF)",1200,82,52.4,38.6,0.47,2.47,40,42
SB,intrabar s1200,1200,211,43.6,38.4,0.18,1.45,102,109
SB,intrabar s1000000000000000000000000000000000000000000000000000000000000000000000000000000000000000000000000000,1000000000000000000000000000000000000000000000000000000000000000000000000000000000000000000000000000,360,41.1,39.4,0.11,1.26,181,179
SEK,"old(open,causalF)",1200,107,58.9,22.6,0.21,1.83,50,57
SEK,intrabar s1200,1200,460,52.8,24.0,0.05,1.15,218,242
SEK,intrabar s1000000000000000000000000000000000000000000000000000000000000000000000000000000000000000000000000000,1000000000000000000000000000000000000000000000000000000000000000000000000000000000000000000000000000,711,50.6,-5.8,-0.01,0.98,369,342
SI,"old(open,causalF)",1200,270,49.6,55.7,0.21,1.63,149,121
SI,intrabar s1200,1200,660,39.8,-5.5,-0.01,0.98,351,309
SI,intrabar s1000000000000000000000000000000000000000000000000000000000000000000000000000000000000000000000000000,1000000000000000000000000000000000000000000000000000000000000000000000000000000000000000000000000000,948,41.4,3.6,0.0,1.01,524,424
SIL,"old(open,causalF)",1200,212,52.4,50.9,0.24,1.73,102,110
SIL,intrabar s1200,1200,526,46.2,35.4,0.07,1.17,272,254
SIL,intrabar s1000000000000000000000000000000000000000000000000000000000000000000000000000000000000000000000000000,1000000000000000000000000000000000000000000000000000000000000000000000000000000000000000000000000000,713,48.0,56.6,0.08,1.21,388,325
SIR,"old(open,causalF)",1200,102,75.5,58.8,0.58,5.0,56,46
SIR,intrabar s1200,1200,953,48.7,56.0,0.06,1.16,514,439
SIR,intrabar s1000000000000000000000000000000000000000000000000000000000000000000000000000000000000000000000000000,1000000000000000000000000000000000000000000000000000000000000000000000000000000000000000000000000000,1301,51.1,106.2,0.08,1.23,622,679
SO3,"old(open,causalF)",1200,4,75.0,5.9,1.48,8.29,2,2
SO3,intrabar s1200,1200,333,33.9,-27.3,-0.08,0.82,180,153
SO3,intrabar s1000000000000000000000000000000000000000000000000000000000000000000000000000000000000000000000000000,1000000000000000000000000000000000000000000000000000000000000000000000000000000000000000000000000000,468,34.8,-31.6,-0.07,0.84,211,257
SR1,"old(open,causalF)",1200,1,0.0,-1.0,-1.0,0.0,0,1
SR1,intrabar s1200,1200,632,33.7,-90.4,-0.14,0.7,299,333
SR1,intrabar s1000000000000000000000000000000000000000000000000000000000000000000000000000000000000000000000000000,1000000000000000000000000000000000000000000000000000000000000000000000000000000000000000000000000000,954,36.7,-101.5,-0.11,0.76,389,565
SR3,"old(open,causalF)",1200,2,100.0,7.6,3.8,,0,2
SR3,intrabar s1200,1200,564,38.3,-5.3,-0.01,0.98,292,272
SR3,intrabar s1000000000000000000000000000000000000000000000000000000000000000000000000000000000000000000000000000,1000000000000000000000000000000000000000000000000000000000000000000000000000000000000000000000000000,970,36.5,-46.1,-0.05,0.9,475,495
T6,"old(open,causalF)",1200,166,59.6,60.3,0.36,2.26,75,91
T6,intrabar s1200,1200,537,49.9,73.1,0.14,1.35,268,269
T6,intrabar s1000000000000000000000000000000000000000000000000000000000000000000000000000000000000000000000000000,1000000000000000000000000000000000000000000000000000000000000000000000000000000000000000000000000000,844,48.9,44.5,0.05,1.13,472,372
TN,"old(open,causalF)",1200,125,70.4,70.4,0.56,4.68,56,69
TN,intrabar s1200,1200,816,46.0,67.6,0.08,1.21,413,403
TN,intrabar s1000000000000000000000000000000000000000000000000000000000000000000000000000000000000000000000000000,1000000000000000000000000000000000000000000000000000000000000000000000000000000000000000000000000000,1156,49.4,142.2,0.12,1.34,571,585
TTF,"old(open,causalF)",1200,4,25.0,-2.0,-0.49,0.21,2,2
TTF,intrabar s1200,1200,9,11.1,-3.8,-0.42,0.12,2,7
TTF,intrabar s1000000000000000000000000000000000000000000000000000000000000000000000000000000000000000000000000000,1000000000000000000000000000000000000000000000000000000000000000000000000000000000000000000000000000,22,36.4,-1.4,-0.06,0.83,13,9
UB,"old(open,causalF)",1200,245,60.0,79.7,0.33,2.26,106,139
UB,intrabar s1200,1200,920,42.9,24.0,0.03,1.06,469,451
UB,intrabar s1000000000000000000000000000000000000000000000000000000000000000000000000000000000000000000000000000,1000000000000000000000000000000000000000000000000000000000000000000000000000000000000000000000000000,1380,45.1,36.8,0.03,1.07,702,678
US,"old(open,causalF)",1200,303,63.0,135.4,0.45,2.74,140,163
US,intrabar s1200,1200,1316,41.7,18.1,0.01,1.03,649,667
US,intrabar s1000000000000000000000000000000000000000000000000000000000000000000000000000000000000000000000000000,1000000000000000000000000000000000000000000000000000000000000000000000000000000000000000000000000000,1886,43.9,44.6,0.02,1.06,934,952
VX,"old(open,causalF)",1200,60,55.0,6.8,0.11,1.3,2,58
VX,intrabar s1200,1200,94,56.4,12.2,0.13,1.38,2,92
VX,intrabar s1000000000000000000000000000000000000000000000000000000000000000000000000000000000000000000000000000,1000000000000000000000000000000000000000000000000000000000000000000000000000000000000000000000000000,147,53.7,10.6,0.07,1.2,9,138
VXM,"old(open,causalF)",1200,38,42.1,-0.9,-0.02,0.95,6,32
VXM,intrabar s1200,1200,63,33.3,-13.9,-0.22,0.61,13,50
VXM,intrabar s1000000000000000000000000000000000000000000000000000000000000000000000000000000000000000000000000000,1000000000000000000000000000000000000000000000000000000000000000000000000000000000000000000000000000,105,39.0,-3.7,-0.03,0.93,40,65
XAE,"old(open,causalF)",1200,69,50.7,11.9,0.17,1.52,37,32
XAE,intrabar s1200,1200,141,47.5,9.5,0.07,1.16,70,71
XAE,intrabar s1000000000000000000000000000000000000000000000000000000000000000000000000000000000000000000000000000,1000000000000000000000000000000000000000000000000000000000000000000000000000000000000000000000000000,191,47.1,12.2,0.06,1.16,109,82
XAF,"old(open,causalF)",1200,61,47.5,7.5,0.12,1.35,28,33
XAF,intrabar s1200,1200,122,54.1,26.3,0.22,1.72,59,63
XAF,intrabar s1000000000000000000000000000000000000000000000000000000000000000000000000000000000000000000000000000,1000000000000000000000000000000000000000000000000000000000000000000000000000000000000000000000000000,167,53.3,24.6,0.15,1.45,83,84
XAI,"old(open,causalF)",1200,32,62.5,4.1,0.13,1.41,14,18
XAI,intrabar s1200,1200,108,50.0,10.7,0.1,1.3,52,56
XAI,intrabar s1000000000000000000000000000000000000000000000000000000000000000000000000000000000000000000000000000,1000000000000000000000000000000000000000000000000000000000000000000000000000000000000000000000000000,137,48.2,6.6,0.05,1.14,63,74
XC,"old(open,causalF)",1200,152,52.6,30.7,0.2,1.64,65,87
XC,intrabar s1200,1200,433,45.3,16.9,0.04,1.1,191,242
XC,intrabar s1000000000000000000000000000000000000000000000000000000000000000000000000000000000000000000000000000,1000000000000000000000000000000000000000000000000000000000000000000000000000000000000000000000000000,765,46.7,20.3,0.03,1.07,408,357
YM,"old(open,causalF)",1200,273,60.1,77.5,0.28,2.01,124,149
YM,intrabar s1200,1200,1022,42.6,-15.8,-0.02,0.96,468,554
YM,intrabar s1000000000000000000000000000000000000000000000000000000000000000000000000000000000000000000000000000,1000000000000000000000000000000000000000000000000000000000000000000000000000000000000000000000000000,1418,43.3,-8.6,-0.01,0.99,676,742
ZC,"old(open,causalF)",1200,188,50.5,27.3,0.15,1.42,89,99
ZC,intrabar s1200,1200,519,42.6,-4.7,-0.01,0.98,231,288
ZC,intrabar s1000000000000000000000000000000000000000000000000000000000000000000000000000000000000000000000000000,1000000000000000000000000000000000000000000000000000000000000000000000000000000000000000000000000000,904,42.1,-14.3,-0.02,0.96,479,425
ZF,"old(open,causalF)",1200,131,77.1,115.4,0.88,8.69,65,66
ZF,intrabar s1200,1200,1657,44.8,154.6,0.09,1.24,873,784
ZF,intrabar s1000000000000000000000000000000000000000000000000000000000000000000000000000000000000000000000000000,1000000000000000000000000000000000000000000000000000000000000000000000000000000000000000000000000000,2434,47.7,245.7,0.1,1.27,1147,1287
ZL,"old(open,causalF)",1200,219,50.2,54.9,0.25,1.77,115,104
ZL,intrabar s1200,1200,562,40.6,24.5,0.04,1.1,275,287
ZL,intrabar s1000000000000000000000000000000000000000000000000000000000000000000000000000000000000000000000000000,1000000000000000000000000000000000000000000000000000000000000000000000000000000000000000000000000000,874,43.9,57.0,0.07,1.16,461,413
ZM,"old(open,causalF)",1200,189,49.2,39.9,0.21,1.56,81,108
ZM,intrabar s1200,1200,535,43.7,28.5,0.05,1.12,228,307
ZM,intrabar s1000000000000000000000000000000000000000000000000000000000000000000000000000000000000000000000000000,1000000000000000000000000000000000000000000000000000000000000000000000000000000000000000000000000000,808,43.8,40.7,0.05,1.12,332,476
ZN,"old(open,causalF)",1200,202,67.3,103.7,0.51,3.84,92,110
ZN,intrabar s1200,1200,1499,43.2,44.3,0.03,1.07,769,730
ZN,intrabar s1000000000000000000000000000000000000000000000000000000000000000000000000000000000000000000000000000,1000000000000000000000000000000000000000000000000000000000000000000000000000000000000000000000000000,2231,46.3,122.8,0.06,1.14,1078,1153
ZO,"old(open,causalF)",1200,119,58.0,45.2,0.38,2.43,58,61
ZO,intrabar s1200,1200,275,53.1,50.7,0.18,1.51,138,137
ZO,intrabar s1000000000000000000000000000000000000000000000000000000000000000000000000000000000000000000000000000,1000000000000000000000000000000000000000000000000000000000000000000000000000000000000000000000000000,415,51.6,49.1,0.12,1.32,223,192
ZQ,"old(open,causalF)",1200,0,0.0,0.0,0.0,,0,0
ZQ,intrabar s1200,1200,530,21.7,-227.5,-0.43,0.35,356,174
ZQ,intrabar s1000000000000000000000000000000000000000000000000000000000000000000000000000000000000000000000000000,1000000000000000000000000000000000000000000000000000000000000000000000000000000000000000000000000000,2089,20.6,-967.9,-0.46,0.3,605,1484
ZR,"old(open,causalF)",1200,130,57.7,52.8,0.41,2.51,63,67
ZR,intrabar s1200,1200,318,51.6,92.1,0.29,1.88,143,175
ZR,intrabar s1000000000000000000000000000000000000000000000000000000000000000000000000000000000000000000000000000,1000000000000000000000000000000000000000000000000000000000000000000000000000000000000000000000000000,496,49.2,89.6,0.18,1.49,264,232
ZRPA,"old(open,causalF)",1200,1,0.0,-0.1,-0.09,0.0,0,1
ZRPA,intrabar s1200,1200,1,0.0,-0.1,-0.09,0.0,0,1
ZRPA,intrabar s1000000000000000000000000000000000000000000000000000000000000000000000000000000000000000000000000000,1000000000000000000000000000000000000000000000000000000000000000000000000000000000000000000000000000,1,0.0,-0.1,-0.09,0.0,0,1
ZS,"old(open,causalF)",1200,201,52.7,44.2,0.22,1.67,97,104
ZS,intrabar s1200,1200,607,46.5,41.9,0.07,1.17,292,315
ZS,intrabar s1000000000000000000000000000000000000000000000000000000000000000000000000000000000000000000000000000,1000000000000000000000000000000000000000000000000000000000000000000000000000000000000000000000000000,951,47.6,69.1,0.07,1.18,478,473
ZT,"old(open,causalF)",1200,33,87.9,35.6,1.08,18.8,14,19
ZT,intrabar s1200,1200,1564,42.6,87.7,0.06,1.14,857,707
ZT,intrabar s1000000000000000000000000000000000000000000000000000000000000000000000000000000000000000000000000000,1000000000000000000000000000000000000000000000000000000000000000000000000000000000000000000000000000,2465,43.4,143.3,0.06,1.14,1125,1340
ZTWA,"old(open,causalF)",1200,40,42.5,-1.3,-0.03,0.91,22,18
ZTWA,intrabar s1200,1200,114,51.8,12.8,0.11,1.35,62,52
ZTWA,intrabar s1000000000000000000000000000000000000000000000000000000000000000000000000000000000000000000000000000,1000000000000000000000000000000000000000000000000000000000000000000000000000000000000000000000000000,227,50.2,6.6,0.03,1.11,161,66
ZW,"old(open,causalF)",1200,170,51.2,43.7,0.26,1.77,65,105
ZW,intrabar s1200,1200,475,42.9,21.7,0.05,1.11,184,291
ZW,intrabar s1000000000000000000000000000000000000000000000000000000000000000000000000000000000000000000000000000,1000000000000000000000000000000000000000000000000000000000000000000000000000000000000000000000000000,740,44.6,43.8,0.06,1.14,365,375
